experiment,experiment_dir,model,category,gpu_name,corruption,severity,auroc,aupr,precision,recall,f1,mean_latency_ms,_report_mtime_ns,_report_size
coldstart_csflow_polymer_sheet_Polymer_sheet_gaussian_noise_s1,C:\Users\Usuario\Desktop\Thesis\Pipeline\Real-time-visual-defect-detection\data\outputs\Experiment 6\coldstart_csflow_polymer_sheet_Polymer_sheet_gaussian_noise_s1,csflow,Polymer_sheet,Tesla T4,gaussian_noise,1,0.9936894882434301,0.9996942857315451,1.0,0.983402489626556,0.9916317991631798,162.04992493478383,1779820857313801500,2663
coldstart_csflow_polymer_sheet_Polymer_sheet_gaussian_noise_s2,C:\Users\Usuario\Desktop\Thesis\Pipeline\Real-time-visual-defect-detection\data\outputs\Experiment 6\coldstart_csflow_polymer_sheet_Polymer_sheet_gaussian_noise_s2,csflow,Polymer_sheet,Tesla T4,gaussian_noise,2,0.9844398340248962,0.9992463027474953,1.0,0.9626556016597511,0.9809725158562368,160.37287050199376,1779820868082466800,2660
coldstart_csflow_polymer_sheet_Polymer_sheet_gaussian_noise_s3,C:\Users\Usuario\Desktop\Thesis\Pipeline\Real-time-visual-defect-detection\data\outputs\Experiment 6\coldstart_csflow_polymer_sheet_Polymer_sheet_gaussian_noise_s3,csflow,Polymer_sheet,Tesla T4,gaussian_noise,3,0.7926175656984786,0.9884504145095458,0.9965986394557823,0.6078838174273858,0.7551546391752577,158.55937631620424,1779820846859219700,2673
coldstart_csflow_polymer_sheet_Polymer_sheet_motion_blur_s1,C:\Users\Usuario\Desktop\Thesis\Pipeline\Real-time-visual-defect-detection\data\outputs\Experiment 6\coldstart_csflow_polymer_sheet_Polymer_sheet_motion_blur_s1,csflow,Polymer_sheet,NVIDIA RTX PRO 6000 Blackwell Server Edition,motion_blur,1,1.0,1.0,1.0,1.0,1.0,34.02790144071418,1779820855181366100,2600
coldstart_csflow_polymer_sheet_Polymer_sheet_motion_blur_s2,C:\Users\Usuario\Desktop\Thesis\Pipeline\Real-time-visual-defect-detection\data\outputs\Experiment 6\coldstart_csflow_polymer_sheet_Polymer_sheet_motion_blur_s2,csflow,Polymer_sheet,NVIDIA RTX PRO 6000 Blackwell Server Edition,motion_blur,2,1.0,1.0,1.0,1.0,1.0,33.67764280830728,1779820851059225200,2607
coldstart_csflow_polymer_sheet_Polymer_sheet_motion_blur_s3,C:\Users\Usuario\Desktop\Thesis\Pipeline\Real-time-visual-defect-detection\data\outputs\Experiment 6\coldstart_csflow_polymer_sheet_Polymer_sheet_motion_blur_s3,csflow,Polymer_sheet,NVIDIA RTX PRO 6000 Blackwell Server Edition,motion_blur,3,1.0,1.0,1.0,1.0,1.0,33.93123964229499,1779820866159877800,2620
coldstart_csflow_polymer_sheet_Polymer_sheet_shot_noise_s1,C:\Users\Usuario\Desktop\Thesis\Pipeline\Real-time-visual-defect-detection\data\outputs\Experiment 6\coldstart_csflow_polymer_sheet_Polymer_sheet_shot_noise_s1,csflow,Polymer_sheet,NVIDIA RTX PRO 6000 Blackwell Server Edition,shot_noise,1,0.509768326417704,0.967283467352299,1.0,0.34232365145228216,0.5100463678516228,33.51768710671949,1779820876840785200,2683
coldstart_csflow_polymer_sheet_Polymer_sheet_shot_noise_s2,C:\Users\Usuario\Desktop\Thesis\Pipeline\Real-time-visual-defect-detection\data\outputs\Experiment 6\coldstart_csflow_polymer_sheet_Polymer_sheet_shot_noise_s2,csflow,Polymer_sheet,NVIDIA RTX PRO 6000 Blackwell Server Edition,shot_noise,2,0.5405428769017981,0.9692130427518929,1.0,0.34024896265560167,0.5077399380804953,33.602848776682244,1779820852705249200,2686
coldstart_csflow_polymer_sheet_Polymer_sheet_shot_noise_s3,C:\Users\Usuario\Desktop\Thesis\Pipeline\Real-time-visual-defect-detection\data\outputs\Experiment 6\coldstart_csflow_polymer_sheet_Polymer_sheet_shot_noise_s3,csflow,Polymer_sheet,NVIDIA RTX PRO 6000 Blackwell Server Edition,shot_noise,3,0.640127939142462,0.9768824278993258,1.0,0.36099585062240663,0.5304878048780488,34.143550879441484,1779820863642825400,2688
coldstart_draem_polymer_sheet_Polymer_sheet_gaussian_noise_s1,C:\Users\Usuario\Desktop\Thesis\Pipeline\Real-time-visual-defect-detection\data\outputs\Experiment 6\coldstart_draem_polymer_sheet_Polymer_sheet_gaussian_noise_s1,draem,Polymer_sheet,NVIDIA RTX PRO 6000 Blackwell Server Edition,gaussian_noise,1,0.5756829183955741,0.9725049816771245,0.9948979591836735,0.4045643153526971,0.5752212389380531,19.475691385375857,1779827373308656900,2711
coldstart_draem_polymer_sheet_Polymer_sheet_gaussian_noise_s2,C:\Users\Usuario\Desktop\Thesis\Pipeline\Real-time-visual-defect-detection\data\outputs\Experiment 6\coldstart_draem_polymer_sheet_Polymer_sheet_gaussian_noise_s2,draem,Polymer_sheet,NVIDIA RTX PRO 6000 Blackwell Server Edition,gaussian_noise,2,0.6371023513139695,0.9774499217936794,1.0,0.4045643153526971,0.5760709010339735,19.181270543466145,1779827370538580900,2704
coldstart_draem_polymer_sheet_Polymer_sheet_gaussian_noise_s3,C:\Users\Usuario\Desktop\Thesis\Pipeline\Real-time-visual-defect-detection\data\outputs\Experiment 6\coldstart_draem_polymer_sheet_Polymer_sheet_gaussian_noise_s3,draem,Polymer_sheet,NVIDIA RTX PRO 6000 Blackwell Server Edition,gaussian_noise,3,0.0404564315352697,0.8579580711038204,0.0,0.0,0.0,19.118971523707643,1779827375794246700,2666
coldstart_draem_polymer_sheet_Polymer_sheet_motion_blur_s1,C:\Users\Usuario\Desktop\Thesis\Pipeline\Real-time-visual-defect-detection\data\outputs\Experiment 6\coldstart_draem_polymer_sheet_Polymer_sheet_motion_blur_s1,draem,Polymer_sheet,NVIDIA RTX PRO 6000 Blackwell Server Edition,motion_blur,1,0.5636670124481329,0.9719310120425864,1.0,0.4066390041493776,0.5781710914454278,19.093386545451587,1779837934892387400,2693
coldstart_draem_polymer_sheet_Polymer_sheet_motion_blur_s2,C:\Users\Usuario\Desktop\Thesis\Pipeline\Real-time-visual-defect-detection\data\outputs\Experiment 6\coldstart_draem_polymer_sheet_Polymer_sheet_motion_blur_s2,draem,Polymer_sheet,NVIDIA RTX PRO 6000 Blackwell Server Edition,motion_blur,2,0.8026452282157677,0.9873567441712471,1.0,0.46473029045643155,0.6345609065155807,19.08858518380059,1779837935652607200,2707
coldstart_draem_polymer_sheet_Polymer_sheet_motion_blur_s3,C:\Users\Usuario\Desktop\Thesis\Pipeline\Real-time-visual-defect-detection\data\outputs\Experiment 6\coldstart_draem_polymer_sheet_Polymer_sheet_motion_blur_s3,draem,Polymer_sheet,NVIDIA RTX PRO 6000 Blackwell Server Edition,motion_blur,3,0.7547544951590595,0.9841074615035978,1.0,0.42531120331950206,0.5967976710334788,19.089324262838517,1779837927315047200,2708
coldstart_draem_polymer_sheet_Polymer_sheet_shot_noise_s1,C:\Users\Usuario\Desktop\Thesis\Pipeline\Real-time-visual-defect-detection\data\outputs\Experiment 6\coldstart_draem_polymer_sheet_Polymer_sheet_shot_noise_s1,draem,Polymer_sheet,NVIDIA RTX PRO 6000 Blackwell Server Edition,shot_noise,1,0.6888831258644538,0.9808095007718355,1.0,0.4190871369294606,0.5906432748538012,19.63012852371436,1779837936609201700,2689
coldstart_draem_polymer_sheet_Polymer_sheet_shot_noise_s2,C:\Users\Usuario\Desktop\Thesis\Pipeline\Real-time-visual-defect-detection\data\outputs\Experiment 6\coldstart_draem_polymer_sheet_Polymer_sheet_shot_noise_s2,draem,Polymer_sheet,NVIDIA RTX PRO 6000 Blackwell Server Edition,shot_noise,2,0.42047026279391425,0.9462289387535697,0.9166666666666666,0.04564315352697095,0.08695652173913043,19.624001428850384,1779837939614886800,2707
coldstart_draem_polymer_sheet_Polymer_sheet_shot_noise_s3,C:\Users\Usuario\Desktop\Thesis\Pipeline\Real-time-visual-defect-detection\data\outputs\Experiment 6\coldstart_draem_polymer_sheet_Polymer_sheet_shot_noise_s3,draem,Polymer_sheet,NVIDIA RTX PRO 6000 Blackwell Server Edition,shot_noise,3,0.749524550484094,0.9804033001055192,0.9776119402985075,0.5435684647302904,0.6986666666666667,19.63475754941489,1779837940017695500,2706
coldstart_padim_polymer_sheet_Polymer_sheet_gaussian_noise_s1,C:\Users\Usuario\Desktop\Thesis\Pipeline\Real-time-visual-defect-detection\data\outputs\Experiment 6\coldstart_padim_polymer_sheet_Polymer_sheet_gaussian_noise_s1,padim,Polymer_sheet,Tesla T4,gaussian_noise,1,0.9975795297372061,0.999880129253955,1.0,0.9149377593360996,0.9555796316359697,7.875493549408166,1779776625260647300,2609
coldstart_padim_polymer_sheet_Polymer_sheet_gaussian_noise_s2,C:\Users\Usuario\Desktop\Thesis\Pipeline\Real-time-visual-defect-detection\data\outputs\Experiment 6\coldstart_padim_polymer_sheet_Polymer_sheet_gaussian_noise_s2,padim,Polymer_sheet,Tesla T4,gaussian_noise,2,0.9598029045643154,0.9978591867498592,1.0,0.6493775933609959,0.7874213836477988,7.851523519761203,1779776600118685300,2606
coldstart_padim_polymer_sheet_Polymer_sheet_gaussian_noise_s3,C:\Users\Usuario\Desktop\Thesis\Pipeline\Real-time-visual-defect-detection\data\outputs\Experiment 6\coldstart_padim_polymer_sheet_Polymer_sheet_gaussian_noise_s3,padim,Polymer_sheet,Tesla T4,gaussian_noise,3,0.894795988934993,0.9942584948708049,1.0,0.558091286307054,0.7163781624500666,7.854976855733202,1779776629527723900,2608
coldstart_padim_polymer_sheet_Polymer_sheet_motion_blur_s1,C:\Users\Usuario\Desktop\Thesis\Pipeline\Real-time-visual-defect-detection\data\outputs\Experiment 6\coldstart_padim_polymer_sheet_Polymer_sheet_motion_blur_s1,padim,Polymer_sheet,Tesla T4,motion_blur,1,0.9999135546334716,0.9999957045780608,0.9938144329896907,1.0,0.9968976215098242,7.843511061261452,1779776625842436000,2603
coldstart_padim_polymer_sheet_Polymer_sheet_motion_blur_s2,C:\Users\Usuario\Desktop\Thesis\Pipeline\Real-time-visual-defect-detection\data\outputs\Experiment 6\coldstart_padim_polymer_sheet_Polymer_sheet_motion_blur_s2,padim,Polymer_sheet,Tesla T4,motion_blur,2,1.0,1.0,0.9938144329896907,1.0,0.9968976215098242,7.849018644252434,1779776584337572100,2546
coldstart_padim_polymer_sheet_Polymer_sheet_motion_blur_s3,C:\Users\Usuario\Desktop\Thesis\Pipeline\Real-time-visual-defect-detection\data\outputs\Experiment 6\coldstart_padim_polymer_sheet_Polymer_sheet_motion_blur_s3,padim,Polymer_sheet,Tesla T4,motion_blur,3,1.0,1.0,0.9979296066252588,1.0,0.9989637305699481,7.8725317470372485,1779776646672651100,2538
coldstart_padim_polymer_sheet_Polymer_sheet_shot_noise_s1,C:\Users\Usuario\Desktop\Thesis\Pipeline\Real-time-visual-defect-detection\data\outputs\Experiment 6\coldstart_padim_polymer_sheet_Polymer_sheet_shot_noise_s1,padim,Polymer_sheet,Tesla T4,shot_noise,1,0.9986168741355463,0.9999322112008396,1.0,0.9813278008298755,0.9905759162303664,7.848973555338119,1779776595761968000,2600
coldstart_padim_polymer_sheet_Polymer_sheet_shot_noise_s2,C:\Users\Usuario\Desktop\Thesis\Pipeline\Real-time-visual-defect-detection\data\outputs\Experiment 6\coldstart_padim_polymer_sheet_Polymer_sheet_shot_noise_s2,padim,Polymer_sheet,Tesla T4,shot_noise,2,0.9174446749654218,0.9956509314575845,1.0,0.495850622406639,0.6629680998613038,7.880680373520892,1779776642593705100,2599
coldstart_padim_polymer_sheet_Polymer_sheet_shot_noise_s3,C:\Users\Usuario\Desktop\Thesis\Pipeline\Real-time-visual-defect-detection\data\outputs\Experiment 6\coldstart_padim_polymer_sheet_Polymer_sheet_shot_noise_s3,padim,Polymer_sheet,Tesla T4,shot_noise,3,0.7611514522821576,0.985808618027696,1.0,0.37344398340248963,0.5438066465256798,7.849731308301904,1779776605071826200,2601
coldstart_patchcore_polymer_sheet_Polymer_sheet_gaussian_noise_s1,C:\Users\Usuario\Desktop\Thesis\Pipeline\Real-time-visual-defect-detection\data\outputs\Experiment 6\coldstart_patchcore_polymer_sheet_Polymer_sheet_gaussian_noise_s1,patchcore,Polymer_sheet,NVIDIA RTX PRO 6000 Blackwell Server Edition,gaussian_noise,1,0.9356846473029046,0.9963976267994612,1.0,0.5124481327800829,0.6776406035665294,25.62712666798404,1779827377211716600,2732
coldstart_patchcore_polymer_sheet_Polymer_sheet_gaussian_noise_s2,C:\Users\Usuario\Desktop\Thesis\Pipeline\Real-time-visual-defect-detection\data\outputs\Experiment 6\coldstart_patchcore_polymer_sheet_Polymer_sheet_gaussian_noise_s2,patchcore,Polymer_sheet,NVIDIA RTX PRO 6000 Blackwell Server Edition,gaussian_noise,2,0.5458160442600277,0.9658054234994282,1.0,0.18672199170124482,0.3146853146853147,25.521393857705636,1779827381217792200,2731
coldstart_patchcore_polymer_sheet_Polymer_sheet_gaussian_noise_s3,C:\Users\Usuario\Desktop\Thesis\Pipeline\Real-time-visual-defect-detection\data\outputs\Experiment 6\coldstart_patchcore_polymer_sheet_Polymer_sheet_gaussian_noise_s3,patchcore,Polymer_sheet,NVIDIA RTX PRO 6000 Blackwell Server Edition,gaussian_noise,3,0.6114280774550485,0.9716905109663293,1.0,0.13692946058091288,0.24087591240875916,25.440352932804537,1779827375855452500,2736
coldstart_patchcore_polymer_sheet_Polymer_sheet_motion_blur_s1,C:\Users\Usuario\Desktop\Thesis\Pipeline\Real-time-visual-defect-detection\data\outputs\Experiment 6\coldstart_patchcore_polymer_sheet_Polymer_sheet_motion_blur_s1,patchcore,Polymer_sheet,Tesla T4,motion_blur,1,1.0,1.0,0.9979296066252588,1.0,0.9989637305699481,260.0006083379405,1779776641746783700,2571
coldstart_patchcore_polymer_sheet_Polymer_sheet_motion_blur_s2,C:\Users\Usuario\Desktop\Thesis\Pipeline\Real-time-visual-defect-detection\data\outputs\Experiment 6\coldstart_patchcore_polymer_sheet_Polymer_sheet_motion_blur_s2,patchcore,Polymer_sheet,Tesla T4,motion_blur,2,1.0,1.0,1.0,1.0,1.0,260.2577144604798,1779776197245660200,2526
coldstart_patchcore_polymer_sheet_Polymer_sheet_motion_blur_s3,C:\Users\Usuario\Desktop\Thesis\Pipeline\Real-time-visual-defect-detection\data\outputs\Experiment 6\coldstart_patchcore_polymer_sheet_Polymer_sheet_motion_blur_s3,patchcore,Polymer_sheet,Tesla T4,motion_blur,3,0.9986168741355463,0.9999307388988907,1.0,0.9004149377593361,0.9475982532751093,260.14681442683445,1779776199797821700,2616
coldstart_patchcore_polymer_sheet_Polymer_sheet_shot_noise_s1,C:\Users\Usuario\Desktop\Thesis\Pipeline\Real-time-visual-defect-detection\data\outputs\Experiment 6\coldstart_patchcore_polymer_sheet_Polymer_sheet_shot_noise_s1,patchcore,Polymer_sheet,Tesla T4,shot_noise,1,0.9798582295988936,0.9989965498558612,1.0,0.483402489626556,0.6517482517482517,270.9816748577019,1779776184146053200,2688
coldstart_patchcore_polymer_sheet_Polymer_sheet_shot_noise_s2,C:\Users\Usuario\Desktop\Thesis\Pipeline\Real-time-visual-defect-detection\data\outputs\Experiment 6\coldstart_patchcore_polymer_sheet_Polymer_sheet_shot_noise_s2,patchcore,Polymer_sheet,Tesla T4,shot_noise,2,0.8570193637621023,0.9919240199781795,1.0,0.45020746887966806,0.6208869814020029,271.3092110454574,1779776190986352300,2690
coldstart_patchcore_polymer_sheet_Polymer_sheet_shot_noise_s3,C:\Users\Usuario\Desktop\Thesis\Pipeline\Real-time-visual-defect-detection\data\outputs\Experiment 6\coldstart_patchcore_polymer_sheet_Polymer_sheet_shot_noise_s3,patchcore,Polymer_sheet,Tesla T4,shot_noise,3,0.7000566859825885,0.9797849888137398,1.0,0.3480845951318846,0.5164135787751971,184.23086601074726,1779862065660432200,1494
coldstart_rd4ad_polymer_sheet_Polymer_sheet_gaussian_noise_s1,C:\Users\Usuario\Desktop\Thesis\Pipeline\Real-time-visual-defect-detection\data\outputs\Experiment 6\coldstart_rd4ad_polymer_sheet_Polymer_sheet_gaussian_noise_s1,rd4ad,Polymer_sheet,NVIDIA RTX PRO 6000 Blackwell Server Edition,gaussian_noise,1,1.0,1.0,0.9979296066252588,1.0,0.9989637305699481,6.186958468374955,1779841244309694000,2691
coldstart_rd4ad_polymer_sheet_Polymer_sheet_gaussian_noise_s2,C:\Users\Usuario\Desktop\Thesis\Pipeline\Real-time-visual-defect-detection\data\outputs\Experiment 6\coldstart_rd4ad_polymer_sheet_Polymer_sheet_gaussian_noise_s2,rd4ad,Polymer_sheet,NVIDIA RTX PRO 6000 Blackwell Server Edition,gaussian_noise,2,0.9862551867219918,0.9992417473526345,0.9976076555023924,0.8651452282157677,0.9266666666666669,6.175506347828915,1779841253328469700,2748
coldstart_rd4ad_polymer_sheet_Polymer_sheet_gaussian_noise_s3,C:\Users\Usuario\Desktop\Thesis\Pipeline\Real-time-visual-defect-detection\data\outputs\Experiment 6\coldstart_rd4ad_polymer_sheet_Polymer_sheet_gaussian_noise_s3,rd4ad,Polymer_sheet,NVIDIA RTX PRO 6000 Blackwell Server Edition,gaussian_noise,3,0.9587655601659751,0.997611001440959,0.9967741935483871,0.6410788381742739,0.7803030303030304,6.194307930824292,1779841238149224500,2746
coldstart_rd4ad_polymer_sheet_Polymer_sheet_motion_blur_s1,C:\Users\Usuario\Desktop\Thesis\Pipeline\Real-time-visual-defect-detection\data\outputs\Experiment 6\coldstart_rd4ad_polymer_sheet_Polymer_sheet_motion_blur_s1,rd4ad,Polymer_sheet,NVIDIA RTX PRO 6000 Blackwell Server Edition,motion_blur,1,1.0,1.0,0.9979296066252588,1.0,0.9989637305699481,6.049800498016763,1779837932106932900,2684
coldstart_rd4ad_polymer_sheet_Polymer_sheet_motion_blur_s2,C:\Users\Usuario\Desktop\Thesis\Pipeline\Real-time-visual-defect-detection\data\outputs\Experiment 6\coldstart_rd4ad_polymer_sheet_Polymer_sheet_motion_blur_s2,rd4ad,Polymer_sheet,NVIDIA RTX PRO 6000 Blackwell Server Edition,motion_blur,2,1.0,1.0,0.9979296066252588,1.0,0.9989637305699481,6.030100982207202,1779837928702287000,2684
coldstart_rd4ad_polymer_sheet_Polymer_sheet_motion_blur_s3,C:\Users\Usuario\Desktop\Thesis\Pipeline\Real-time-visual-defect-detection\data\outputs\Experiment 6\coldstart_rd4ad_polymer_sheet_Polymer_sheet_motion_blur_s3,rd4ad,Polymer_sheet,NVIDIA RTX PRO 6000 Blackwell Server Edition,motion_blur,3,1.0,1.0,1.0,1.0,1.0,6.047167998010869,1779837933056838200,2634
coldstart_rd4ad_polymer_sheet_Polymer_sheet_shot_noise_s1,C:\Users\Usuario\Desktop\Thesis\Pipeline\Real-time-visual-defect-detection\data\outputs\Experiment 6\coldstart_rd4ad_polymer_sheet_Polymer_sheet_shot_noise_s1,rd4ad,Polymer_sheet,NVIDIA RTX PRO 6000 Blackwell Server Edition,shot_noise,1,0.9750172890733056,0.9987370273288398,1.0,0.44190871369294604,0.6129496402877698,6.181025705531941,1779841234327635200,2724
coldstart_rd4ad_polymer_sheet_Polymer_sheet_shot_noise_s2,C:\Users\Usuario\Desktop\Thesis\Pipeline\Real-time-visual-defect-detection\data\outputs\Experiment 6\coldstart_rd4ad_polymer_sheet_Polymer_sheet_shot_noise_s2,rd4ad,Polymer_sheet,NVIDIA RTX PRO 6000 Blackwell Server Edition,shot_noise,2,0.7270919778699863,0.9814920295892606,1.0,0.17842323651452283,0.3028169014084507,6.181742047433294,1779841232903326000,2726
coldstart_rd4ad_polymer_sheet_Polymer_sheet_shot_noise_s3,C:\Users\Usuario\Desktop\Thesis\Pipeline\Real-time-visual-defect-detection\data\outputs\Experiment 6\coldstart_rd4ad_polymer_sheet_Polymer_sheet_shot_noise_s3,rd4ad,Polymer_sheet,NVIDIA RTX PRO 6000 Blackwell Server Edition,shot_noise,3,0.665542876901798,0.9768329274108368,1.0,0.03319502074688797,0.0642570281124498,6.372958620553072,1779841234005314000,2724
coldstart_stfpm_polymer_sheet_Polymer_sheet_gaussian_noise_s1,C:\Users\Usuario\Desktop\Thesis\Pipeline\Real-time-visual-defect-detection\data\outputs\Experiment 6\coldstart_stfpm_polymer_sheet_Polymer_sheet_gaussian_noise_s1,stfpm,Polymer_sheet,Tesla T4,gaussian_noise,1,0.5516078838174274,0.9695818845214609,1.0,0.10995850622406639,0.19813084112149532,14.817498053370626,1779802262504320400,2689
coldstart_stfpm_polymer_sheet_Polymer_sheet_gaussian_noise_s2,C:\Users\Usuario\Desktop\Thesis\Pipeline\Real-time-visual-defect-detection\data\outputs\Experiment 6\coldstart_stfpm_polymer_sheet_Polymer_sheet_gaussian_noise_s2,stfpm,Polymer_sheet,Tesla T4,gaussian_noise,2,0.8283195020746887,0.9902370926090769,1.0,0.12863070539419086,0.2279411764705882,14.852061966401292,1779802264362490600,2690
coldstart_stfpm_polymer_sheet_Polymer_sheet_gaussian_noise_s3,C:\Users\Usuario\Desktop\Thesis\Pipeline\Real-time-visual-defect-detection\data\outputs\Experiment 6\coldstart_stfpm_polymer_sheet_Polymer_sheet_gaussian_noise_s3,stfpm,Polymer_sheet,Tesla T4,gaussian_noise,3,0.6318291839557401,0.9742761393123663,1.0,0.12033195020746888,0.21481481481481482,14.820686296417644,1779802260895152500,2687
coldstart_stfpm_polymer_sheet_Polymer_sheet_motion_blur_s1,C:\Users\Usuario\Desktop\Thesis\Pipeline\Real-time-visual-defect-detection\data\outputs\Experiment 6\coldstart_stfpm_polymer_sheet_Polymer_sheet_motion_blur_s1,stfpm,Polymer_sheet,Tesla T4,motion_blur,1,0.5882607192254495,0.9716165161762146,1.0,0.2842323651452282,0.44264943457189015,14.847049656128572,1779807743665849100,2684
coldstart_stfpm_polymer_sheet_Polymer_sheet_motion_blur_s2,C:\Users\Usuario\Desktop\Thesis\Pipeline\Real-time-visual-defect-detection\data\outputs\Experiment 6\coldstart_stfpm_polymer_sheet_Polymer_sheet_motion_blur_s2,stfpm,Polymer_sheet,Tesla T4,motion_blur,2,0.7493948824343016,0.9845419998163262,1.0,0.4315352697095436,0.6028985507246377,14.80611413437771,1779807741241815300,2679
coldstart_stfpm_polymer_sheet_Polymer_sheet_motion_blur_s3,C:\Users\Usuario\Desktop\Thesis\Pipeline\Real-time-visual-defect-detection\data\outputs\Experiment 6\coldstart_stfpm_polymer_sheet_Polymer_sheet_motion_blur_s3,stfpm,Polymer_sheet,Tesla T4,motion_blur,3,0.4086272475795298,0.946699855521234,0.9818181818181818,0.11203319502074689,0.2011173184357542,14.824012152188077,1779807743109164000,2694
coldstart_stfpm_polymer_sheet_Polymer_sheet_shot_noise_s1,C:\Users\Usuario\Desktop\Thesis\Pipeline\Real-time-visual-defect-detection\data\outputs\Experiment 6\coldstart_stfpm_polymer_sheet_Polymer_sheet_shot_noise_s1,stfpm,Polymer_sheet,Tesla T4,shot_noise,1,0.6495072614107884,0.9759774903392908,1.0,0.2572614107883817,0.4092409240924092,14.840830337942387,1779802258068576600,2678
coldstart_stfpm_polymer_sheet_Polymer_sheet_shot_noise_s2,C:\Users\Usuario\Desktop\Thesis\Pipeline\Real-time-visual-defect-detection\data\outputs\Experiment 6\coldstart_stfpm_polymer_sheet_Polymer_sheet_shot_noise_s2,stfpm,Polymer_sheet,Tesla T4,shot_noise,2,0.4501210235131397,0.9432638323484619,1.0,0.014522821576763486,0.02862985685071575,14.920977403151864,1779802257962141700,2680
coldstart_stfpm_polymer_sheet_Polymer_sheet_shot_noise_s3,C:\Users\Usuario\Desktop\Thesis\Pipeline\Real-time-visual-defect-detection\data\outputs\Experiment 6\coldstart_stfpm_polymer_sheet_Polymer_sheet_shot_noise_s3,stfpm,Polymer_sheet,Tesla T4,shot_noise,3,0.5418395573997233,0.9641173965783634,1.0,0.10995850622406639,0.19813084112149532,14.887628527656474,1779807742178732500,2680
coldstart_subspacead_polymer_sheet_Polymer_sheet_gaussian_noise_s1,C:\Users\Usuario\Desktop\Thesis\Pipeline\Real-time-visual-defect-detection\data\outputs\Experiment 6\coldstart_subspacead_polymer_sheet_Polymer_sheet_gaussian_noise_s1,subspacead,Polymer_sheet,NVIDIA RTX PRO 6000 Blackwell Server Edition,gaussian_noise,1,1.0,1.0,0.9979296066252588,1.0,0.9989637305699481,46.958511839922146,1779820893365675100,2698
coldstart_subspacead_polymer_sheet_Polymer_sheet_gaussian_noise_s2,C:\Users\Usuario\Desktop\Thesis\Pipeline\Real-time-visual-defect-detection\data\outputs\Experiment 6\coldstart_subspacead_polymer_sheet_Polymer_sheet_gaussian_noise_s2,subspacead,Polymer_sheet,NVIDIA RTX PRO 6000 Blackwell Server Edition,gaussian_noise,2,0.9997406639004149,0.9999871225721958,0.9979253112033195,0.9979253112033195,0.9979253112033195,45.13016644862212,1779820902478885300,2772
coldstart_subspacead_polymer_sheet_Polymer_sheet_gaussian_noise_s3,C:\Users\Usuario\Desktop\Thesis\Pipeline\Real-time-visual-defect-detection\data\outputs\Experiment 6\coldstart_subspacead_polymer_sheet_Polymer_sheet_gaussian_noise_s3,subspacead,Polymer_sheet,NVIDIA RTX PRO 6000 Blackwell Server Edition,gaussian_noise,3,0.9991355463347165,0.9999575366859715,1.0,0.991701244813278,0.9958333333333333,46.30179424110493,1779820883474537000,2753
coldstart_subspacead_polymer_sheet_Polymer_sheet_motion_blur_s1,C:\Users\Usuario\Desktop\Thesis\Pipeline\Real-time-visual-defect-detection\data\outputs\Experiment 6\coldstart_subspacead_polymer_sheet_Polymer_sheet_motion_blur_s1,subspacead,Polymer_sheet,NVIDIA RTX PRO 6000 Blackwell Server Edition,motion_blur,1,1.0,1.0,0.9958677685950413,1.0,0.9979296066252588,85.13874702371568,1779827384549795400,2691
coldstart_subspacead_polymer_sheet_Polymer_sheet_motion_blur_s2,C:\Users\Usuario\Desktop\Thesis\Pipeline\Real-time-visual-defect-detection\data\outputs\Experiment 6\coldstart_subspacead_polymer_sheet_Polymer_sheet_motion_blur_s2,subspacead,Polymer_sheet,NVIDIA RTX PRO 6000 Blackwell Server Edition,motion_blur,2,1.0,1.0,0.9979296066252588,1.0,0.9989637305699481,88.09883031818055,1779827393476667000,2688
coldstart_subspacead_polymer_sheet_Polymer_sheet_motion_blur_s3,C:\Users\Usuario\Desktop\Thesis\Pipeline\Real-time-visual-defect-detection\data\outputs\Experiment 6\coldstart_subspacead_polymer_sheet_Polymer_sheet_motion_blur_s3,subspacead,Polymer_sheet,NVIDIA RTX PRO 6000 Blackwell Server Edition,motion_blur,3,1.0,1.0,0.9979296066252588,1.0,0.9989637305699481,87.07263283201793,1779827382721204100,2691
coldstart_subspacead_polymer_sheet_Polymer_sheet_shot_noise_s1,C:\Users\Usuario\Desktop\Thesis\Pipeline\Real-time-visual-defect-detection\data\outputs\Experiment 6\coldstart_subspacead_polymer_sheet_Polymer_sheet_shot_noise_s1,subspacead,Polymer_sheet,NVIDIA RTX PRO 6000 Blackwell Server Edition,shot_noise,1,0.9754495159059474,0.9986831400044737,0.9974424552429667,0.8091286307053942,0.8934707903780069,47.995795452577475,1779827388354956800,2765
coldstart_subspacead_polymer_sheet_Polymer_sheet_shot_noise_s2,C:\Users\Usuario\Desktop\Thesis\Pipeline\Real-time-visual-defect-detection\data\outputs\Experiment 6\coldstart_subspacead_polymer_sheet_Polymer_sheet_shot_noise_s2,subspacead,Polymer_sheet,NVIDIA RTX PRO 6000 Blackwell Server Edition,shot_noise,2,0.564488243430152,0.9687013702009926,0.98989898989899,0.2033195020746888,0.3373493975903614,46.36523571738866,1779827386523108100,2761
coldstart_subspacead_polymer_sheet_Polymer_sheet_shot_noise_s3,C:\Users\Usuario\Desktop\Thesis\Pipeline\Real-time-visual-defect-detection\data\outputs\Experiment 6\coldstart_subspacead_polymer_sheet_Polymer_sheet_shot_noise_s3,subspacead,Polymer_sheet,NVIDIA RTX PRO 6000 Blackwell Server Edition,shot_noise,3,0.42081604426002767,0.9518911979018623,1.0,0.0954356846473029,0.17424242424242423,45.62836919565693,1779827387580425800,2749
