experiment,experiment_dir,model,category,gpu_name,auroc,aupr,f1,mean_latency_ms,_report_mtime_ns,_report_size
coldstart_csflow_real_iad_audiojack,C:\Users\Usuario\Desktop\Thesis\Pipeline\Real-time-visual-defect-detection\data\outputs\Experiment 3\coldstart_csflow_real_iad_audiojack,csflow,audiojack,Tesla T4,0.744239885348914,0.8805225676169193,0.5542168674698795,135.8150972746418,1779134003354221600,2539
coldstart_csflow_real_iad_bottle_cap,C:\Users\Usuario\Desktop\Thesis\Pipeline\Real-time-visual-defect-detection\data\outputs\Experiment 3\coldstart_csflow_real_iad_bottle_cap,csflow,bottle_cap,NVIDIA L4,0.9928856816699284,0.9976049631207988,0.968968968968969,84.9384041607376,1779011890145596600,2555
coldstart_csflow_real_iad_button_battery,C:\Users\Usuario\Desktop\Thesis\Pipeline\Real-time-visual-defect-detection\data\outputs\Experiment 3\coldstart_csflow_real_iad_button_battery,csflow,button_battery,NVIDIA L4,0.8503873756751329,0.9376832880441428,0.4303030303030303,86.26475354857442,1779011889333532200,2566
coldstart_csflow_real_iad_end_cap,C:\Users\Usuario\Desktop\Thesis\Pipeline\Real-time-visual-defect-detection\data\outputs\Experiment 3\coldstart_csflow_real_iad_end_cap,csflow,end_cap,NVIDIA L4,0.754268808114962,0.8939433534940457,0.227891156462585,86.20893539030939,1779011891172964400,2546
coldstart_csflow_real_iad_eraser,C:\Users\Usuario\Desktop\Thesis\Pipeline\Real-time-visual-defect-detection\data\outputs\Experiment 3\coldstart_csflow_real_iad_eraser,csflow,eraser,NVIDIA L4,0.786413347728727,0.914118041910384,0.3349282296650718,87.20159017391394,1779011889433241300,2547
coldstart_csflow_real_iad_fire_hood,C:\Users\Usuario\Desktop\Thesis\Pipeline\Real-time-visual-defect-detection\data\outputs\Experiment 3\coldstart_csflow_real_iad_fire_hood,csflow,fire_hood,NVIDIA L4,0.7856649293216458,0.8997930032307007,0.3089700996677741,86.0028817914897,1779011890906926500,2551
coldstart_csflow_real_iad_mint,C:\Users\Usuario\Desktop\Thesis\Pipeline\Real-time-visual-defect-detection\data\outputs\Experiment 3\coldstart_csflow_real_iad_mint,csflow,mint,NVIDIA L4,0.46379156889716,0.9473400469039552,0.0136425648021828,84.468139752964,1779011889778567200,2541
coldstart_csflow_real_iad_mounts,C:\Users\Usuario\Desktop\Thesis\Pipeline\Real-time-visual-defect-detection\data\outputs\Experiment 3\coldstart_csflow_real_iad_mounts,csflow,mounts,NVIDIA L4,0.8239927622456706,0.9325837283853692,0.6726342710997443,85.14695413238928,1779011889243390200,2548
coldstart_csflow_real_iad_pcb,C:\Users\Usuario\Desktop\Thesis\Pipeline\Real-time-visual-defect-detection\data\outputs\Experiment 3\coldstart_csflow_real_iad_pcb,csflow,pcb,NVIDIA L4,0.7197593574722355,0.8715229322802729,0.0347490347490347,86.4902888347575,1779011890570553900,2523
coldstart_csflow_real_iad_phone_battery,C:\Users\Usuario\Desktop\Thesis\Pipeline\Real-time-visual-defect-detection\data\outputs\Experiment 3\coldstart_csflow_real_iad_phone_battery,csflow,phone_battery,NVIDIA L4,0.6014681168151695,0.8421304382396254,0.2675585284280937,85.00102736429848,1779011891275034900,2560
coldstart_csflow_real_iad_plastic_nut,C:\Users\Usuario\Desktop\Thesis\Pipeline\Real-time-visual-defect-detection\data\outputs\Experiment 3\coldstart_csflow_real_iad_plastic_nut,csflow,plastic_nut,NVIDIA L4,0.5842673267326732,0.76178247301367,0.4802182810368349,84.89373925213032,1779011889699072500,2545
coldstart_csflow_real_iad_plastic_plug,C:\Users\Usuario\Desktop\Thesis\Pipeline\Real-time-visual-defect-detection\data\outputs\Experiment 3\coldstart_csflow_real_iad_plastic_plug,csflow,plastic_plug,NVIDIA L4,0.7755810284993165,0.9090942374273756,0.2482993197278911,85.97756143918915,1779011891040306700,2560
coldstart_csflow_real_iad_porcelain_doll,C:\Users\Usuario\Desktop\Thesis\Pipeline\Real-time-visual-defect-detection\data\outputs\Experiment 3\coldstart_csflow_real_iad_porcelain_doll,csflow,porcelain_doll,NVIDIA L4,0.4617010707000243,0.724143813436861,0.0526315789473684,86.68323826285157,1779011889001730000,2551
coldstart_csflow_real_iad_regulator,C:\Users\Usuario\Desktop\Thesis\Pipeline\Real-time-visual-defect-detection\data\outputs\Experiment 3\coldstart_csflow_real_iad_regulator,csflow,regulator,NVIDIA L4,0.5728162854599637,0.7764841578754437,0.0411985018726591,86.04383421666184,1779011889076559700,2555
coldstart_csflow_real_iad_rolled_strip_base,C:\Users\Usuario\Desktop\Thesis\Pipeline\Real-time-visual-defect-detection\data\outputs\Experiment 3\coldstart_csflow_real_iad_rolled_strip_base,csflow,rolled_strip_base,NVIDIA L4,0.7813597728104809,0.905136454854573,0.4444444444444444,86.887118507047,1779011892637945700,2569
coldstart_csflow_real_iad_sim_card_set,C:\Users\Usuario\Desktop\Thesis\Pipeline\Real-time-visual-defect-detection\data\outputs\Experiment 3\coldstart_csflow_real_iad_sim_card_set,csflow,sim_card_set,NVIDIA L4,0.8907380895569872,0.957820022353784,0.145985401459854,85.31992450707033,1779011890984853700,2541
coldstart_csflow_real_iad_switch,C:\Users\Usuario\Desktop\Thesis\Pipeline\Real-time-visual-defect-detection\data\outputs\Experiment 3\coldstart_csflow_real_iad_switch,csflow,switch,NVIDIA L4,0.7153515122265122,0.8874327624847422,0.2988505747126437,86.30554790283576,1779011890457336000,2535
coldstart_csflow_real_iad_tape,C:\Users\Usuario\Desktop\Thesis\Pipeline\Real-time-visual-defect-detection\data\outputs\Experiment 3\coldstart_csflow_real_iad_tape,csflow,tape,NVIDIA L4,0.7353653846153847,0.9012745350216496,0.5815217391304347,85.5115837930877,1779011889920287200,2541
coldstart_csflow_real_iad_terminalblock,C:\Users\Usuario\Desktop\Thesis\Pipeline\Real-time-visual-defect-detection\data\outputs\Experiment 3\coldstart_csflow_real_iad_terminalblock,csflow,terminalblock,NVIDIA L4,0.630402552121144,0.8532283677614644,0.1903114186851211,85.12414819013838,1779011892830157900,2545
coldstart_csflow_real_iad_toothbrush,C:\Users\Usuario\Desktop\Thesis\Pipeline\Real-time-visual-defect-detection\data\outputs\Experiment 3\coldstart_csflow_real_iad_toothbrush,csflow,toothbrush,NVIDIA L4,0.9075004133597884,0.9681758364254214,0.5,86.56880213124695,1779011890623166100,2533
coldstart_csflow_real_iad_toy,C:\Users\Usuario\Desktop\Thesis\Pipeline\Real-time-visual-defect-detection\data\outputs\Experiment 3\coldstart_csflow_real_iad_toy,csflow,toy,NVIDIA L4,0.7304208790990525,0.8862430916058732,0.079696394686907,85.42447538011854,1779011890369028100,2527
coldstart_csflow_real_iad_toy_brick,C:\Users\Usuario\Desktop\Thesis\Pipeline\Real-time-visual-defect-detection\data\outputs\Experiment 3\coldstart_csflow_real_iad_toy_brick,csflow,toy_brick,NVIDIA L4,0.6755263370170203,0.8404923143571219,0.1795332136445242,86.54626635899328,1779011889097945400,2552
coldstart_csflow_real_iad_transistor1,C:\Users\Usuario\Desktop\Thesis\Pipeline\Real-time-visual-defect-detection\data\outputs\Experiment 3\coldstart_csflow_real_iad_transistor1,csflow,transistor1,NVIDIA L4,0.7170277825433188,0.8618045185141187,0.146788990825688,85.42574546854406,1779011889349212200,2557
coldstart_csflow_real_iad_u_block,C:\Users\Usuario\Desktop\Thesis\Pipeline\Real-time-visual-defect-detection\data\outputs\Experiment 3\coldstart_csflow_real_iad_u_block,csflow,u_block,NVIDIA L4,0.5959960121247521,0.8176172091453232,0.1169811320754717,86.38948344270132,1779011889639186300,2535
coldstart_csflow_real_iad_usb,C:\Users\Usuario\Desktop\Thesis\Pipeline\Real-time-visual-defect-detection\data\outputs\Experiment 3\coldstart_csflow_real_iad_usb,csflow,usb,NVIDIA L4,0.7357173021235521,0.8851268673938926,0.2402707275803722,87.14202612675597,1779011892884309400,2541
coldstart_csflow_real_iad_usb_adaptor,C:\Users\Usuario\Desktop\Thesis\Pipeline\Real-time-visual-defect-detection\data\outputs\Experiment 3\coldstart_csflow_real_iad_usb_adaptor,csflow,usb_adaptor,NVIDIA L4,0.6608374779399968,0.8801217900687006,0.3131782945736434,86.43357617640419,1779011890773277800,2558
coldstart_csflow_real_iad_vcpill,C:\Users\Usuario\Desktop\Thesis\Pipeline\Real-time-visual-defect-detection\data\outputs\Experiment 3\coldstart_csflow_real_iad_vcpill,csflow,vcpill,NVIDIA L4,0.6097510860631677,0.8261703013815629,0.1814882032667876,86.04430746668992,1779011889590564900,2533
coldstart_csflow_real_iad_wooden_beads,C:\Users\Usuario\Desktop\Thesis\Pipeline\Real-time-visual-defect-detection\data\outputs\Experiment 3\coldstart_csflow_real_iad_wooden_beads,csflow,wooden_beads,NVIDIA L4,0.7382541552152859,0.92835879882688,0.3377386196769456,85.73532717690641,1779011889516239500,2544
coldstart_csflow_real_iad_woodstick,C:\Users\Usuario\Desktop\Thesis\Pipeline\Real-time-visual-defect-detection\data\outputs\Experiment 3\coldstart_csflow_real_iad_woodstick,csflow,woodstick,Tesla T4,0.744239885348914,0.8805225676169193,0.5542168674698795,140.2924954858873,1779134003210064100,2539
coldstart_csflow_real_iad_zipper,C:\Users\Usuario\Desktop\Thesis\Pipeline\Real-time-visual-defect-detection\data\outputs\Experiment 3\coldstart_csflow_real_iad_zipper,csflow,zipper,Tesla T4,0.744239885348914,0.8805225676169193,0.5542168674698795,139.73747329577057,1779134003081132300,2535
coldstart_draem_real_iad_audiojack,C:\Users\Usuario\Desktop\Thesis\Pipeline\Real-time-visual-defect-detection\data\outputs\Experiment 3\coldstart_draem_real_iad_audiojack,draem,audiojack,NVIDIA A100-SXM4-80GB,0.6434742085166515,0.8160373716890218,0.0779220779220779,29.828635630986057,1779130045145049000,2553
coldstart_draem_real_iad_bottle_cap,C:\Users\Usuario\Desktop\Thesis\Pipeline\Real-time-visual-defect-detection\data\outputs\Experiment 3\coldstart_draem_real_iad_bottle_cap,draem,bottle_cap,NVIDIA A100-SXM4-80GB,0.2831508887801696,0.6329639723261397,0.0679245283018867,29.85286183641573,1779130044515525000,2573
coldstart_draem_real_iad_button_battery,C:\Users\Usuario\Desktop\Thesis\Pipeline\Real-time-visual-defect-detection\data\outputs\Experiment 3\coldstart_draem_real_iad_button_battery,draem,button_battery,NVIDIA A100-SXM4-80GB,0.4376235321474246,0.7044731746456878,0.0933572710951525,29.84360192428768,1779130044608525900,2567
coldstart_draem_real_iad_end_cap,C:\Users\Usuario\Desktop\Thesis\Pipeline\Real-time-visual-defect-detection\data\outputs\Experiment 3\coldstart_draem_real_iad_end_cap,draem,end_cap,NVIDIA A100-SXM4-80GB,0.4642540152155537,0.760745248984146,0.0377358490566037,29.85963805413216,1779130045177748000,2552
coldstart_draem_real_iad_eraser,C:\Users\Usuario\Desktop\Thesis\Pipeline\Real-time-visual-defect-detection\data\outputs\Experiment 3\coldstart_draem_real_iad_eraser,draem,eraser,NVIDIA A100-SXM4-80GB,0.568757997440819,0.8003628534597911,0.0450281425891182,29.79831390883963,1779130044863494100,2544
coldstart_draem_real_iad_fire_hood,C:\Users\Usuario\Desktop\Thesis\Pipeline\Real-time-visual-defect-detection\data\outputs\Experiment 3\coldstart_draem_real_iad_fire_hood,draem,fire_hood,NVIDIA A100-SXM4-80GB,0.7634150675195451,0.8818753589686767,0.0235294117647058,29.85062957872194,1779130044673170100,2551
coldstart_draem_real_iad_mint,C:\Users\Usuario\Desktop\Thesis\Pipeline\Real-time-visual-defect-detection\data\outputs\Experiment 3\coldstart_draem_real_iad_mint,draem,mint,NVIDIA A100-SXM4-80GB,0.47629258030585,0.9609740154496492,0.0716180371352785,29.808913366623297,1779130045011564400,2544
coldstart_draem_real_iad_mounts,C:\Users\Usuario\Desktop\Thesis\Pipeline\Real-time-visual-defect-detection\data\outputs\Experiment 3\coldstart_draem_real_iad_mounts,draem,mounts,NVIDIA A100-SXM4-80GB,0.6128342298577033,0.8161686909613188,0.1482820976491862,29.84457746197129,1779130045060442500,2562
coldstart_draem_real_iad_pcb,C:\Users\Usuario\Desktop\Thesis\Pipeline\Real-time-visual-defect-detection\data\outputs\Experiment 3\coldstart_draem_real_iad_pcb,draem,pcb,NVIDIA A100-SXM4-80GB,0.40587558659161,0.6759387401557475,0.0343511450381679,29.808857733615227,1779130045594908700,2540
coldstart_draem_real_iad_phone_battery,C:\Users\Usuario\Desktop\Thesis\Pipeline\Real-time-visual-defect-detection\data\outputs\Experiment 3\coldstart_draem_real_iad_phone_battery,draem,phone_battery,NVIDIA A100-SXM4-80GB,0.2857278751942163,0.7153719526253175,0.2338983050847458,29.842727568570485,1779130046068153600,2579
coldstart_draem_real_iad_plastic_nut,C:\Users\Usuario\Desktop\Thesis\Pipeline\Real-time-visual-defect-detection\data\outputs\Experiment 3\coldstart_draem_real_iad_plastic_nut,draem,plastic_nut,NVIDIA A100-SXM4-80GB,0.4437178217821782,0.6898790581509006,0.0614203454894433,29.80972219088398,1779130045690375400,2558
coldstart_draem_real_iad_plastic_plug,C:\Users\Usuario\Desktop\Thesis\Pipeline\Real-time-visual-defect-detection\data\outputs\Experiment 3\coldstart_draem_real_iad_plastic_plug,draem,plastic_plug,NVIDIA A100-SXM4-80GB,0.5078346829319591,0.8132967138642191,0.0855018587360594,29.81641539342057,1779130045974141200,2573
coldstart_draem_real_iad_porcelain_doll,C:\Users\Usuario\Desktop\Thesis\Pipeline\Real-time-visual-defect-detection\data\outputs\Experiment 3\coldstart_draem_real_iad_porcelain_doll,draem,porcelain_doll,NVIDIA A100-SXM4-80GB,0.6562661846931117,0.8598891810541338,0.0780669144981412,29.82271647286065,1779130045881878700,2562
coldstart_draem_real_iad_regulator,C:\Users\Usuario\Desktop\Thesis\Pipeline\Real-time-visual-defect-detection\data\outputs\Experiment 3\coldstart_draem_real_iad_regulator,draem,regulator,NVIDIA A100-SXM4-80GB,0.5166221603003212,0.7414157696394524,0.0301318267419962,29.85876769861496,1779130045216162100,2568
coldstart_draem_real_iad_rolled_strip_base,C:\Users\Usuario\Desktop\Thesis\Pipeline\Real-time-visual-defect-detection\data\outputs\Experiment 3\coldstart_draem_real_iad_rolled_strip_base,draem,rolled_strip_base,NVIDIA A100-SXM4-80GB,0.4136857937285402,0.6824439519550252,0.0268199233716475,29.81279271689281,1779130044940456000,2584
coldstart_draem_real_iad_sim_card_set,C:\Users\Usuario\Desktop\Thesis\Pipeline\Real-time-visual-defect-detection\data\outputs\Experiment 3\coldstart_draem_real_iad_sim_card_set,draem,sim_card_set,NVIDIA A100-SXM4-80GB,0.0595720989421776,0.5470885895842996,0.0271844660194174,29.800973889509947,1779130045113439500,2562
coldstart_draem_real_iad_switch,C:\Users\Usuario\Desktop\Thesis\Pipeline\Real-time-visual-defect-detection\data\outputs\Experiment 3\coldstart_draem_real_iad_switch,draem,switch,NVIDIA A100-SXM4-80GB,0.6676469996782497,0.8396770905657107,0.0920810313075506,29.804030036625527,1779130044556300300,2547
coldstart_draem_real_iad_tape,C:\Users\Usuario\Desktop\Thesis\Pipeline\Real-time-visual-defect-detection\data\outputs\Experiment 3\coldstart_draem_real_iad_tape,draem,tape,NVIDIA A100-SXM4-80GB,0.6753317307692308,0.8456513038742783,0.1359570661896243,29.8557875486242,1779130045395278100,2559
coldstart_draem_real_iad_terminalblock,C:\Users\Usuario\Desktop\Thesis\Pipeline\Real-time-visual-defect-detection\data\outputs\Experiment 3\coldstart_draem_real_iad_terminalblock,draem,terminalblock,NVIDIA A100-SXM4-80GB,0.4701383421437408,0.7295000456466774,0.0299625468164794,29.792042870420914,1779130044634231000,2579
coldstart_draem_real_iad_toothbrush,C:\Users\Usuario\Desktop\Thesis\Pipeline\Real-time-visual-defect-detection\data\outputs\Experiment 3\coldstart_draem_real_iad_toothbrush,draem,toothbrush,NVIDIA A100-SXM4-80GB,0.7632791832010581,0.906104299476472,0.4597014925373134,29.80925836234191,1779130045287725400,2563
coldstart_draem_real_iad_toy,C:\Users\Usuario\Desktop\Thesis\Pipeline\Real-time-visual-defect-detection\data\outputs\Experiment 3\coldstart_draem_real_iad_toy,draem,toy,NVIDIA A100-SXM4-80GB,0.5628041392734424,0.775734884260557,0.0078431372549019,29.84748686100204,1779130044727167700,2541
coldstart_draem_real_iad_toy_brick,C:\Users\Usuario\Desktop\Thesis\Pipeline\Real-time-visual-defect-detection\data\outputs\Experiment 3\coldstart_draem_real_iad_toy_brick,draem,toy_brick,NVIDIA A100-SXM4-80GB,0.4975901427764782,0.7385874629588216,0.0499040307101727,29.83882299856869,1779130045518965500,2569
coldstart_draem_real_iad_transistor1,C:\Users\Usuario\Desktop\Thesis\Pipeline\Real-time-visual-defect-detection\data\outputs\Experiment 3\coldstart_draem_real_iad_transistor1,draem,transistor1,NVIDIA A100-SXM4-80GB,0.5615494848169864,0.778066305620143,0.0726577437858508,29.84646306428333,1779130045645255800,2558
coldstart_draem_real_iad_u_block,C:\Users\Usuario\Desktop\Thesis\Pipeline\Real-time-visual-defect-detection\data\outputs\Experiment 3\coldstart_draem_real_iad_u_block,draem,u_block,NVIDIA A100-SXM4-80GB,0.4491445201961712,0.6851291369266891,0.0348837209302325,29.83876866190461,1779130044967013800,2571
coldstart_draem_real_iad_usb,C:\Users\Usuario\Desktop\Thesis\Pipeline\Real-time-visual-defect-detection\data\outputs\Experiment 3\coldstart_draem_real_iad_usb,draem,usb,NVIDIA A100-SXM4-80GB,0.0417672136422136,0.5215646496093956,0.0,29.84631816479136,1779130045770024100,2510
coldstart_draem_real_iad_usb_adaptor,C:\Users\Usuario\Desktop\Thesis\Pipeline\Real-time-visual-defect-detection\data\outputs\Experiment 3\coldstart_draem_real_iad_usb_adaptor,draem,usb_adaptor,NVIDIA A100-SXM4-80GB,0.3203914647842131,0.6917364644946681,0.0073529411764705,29.84442253769124,1779130045446975100,2559
coldstart_draem_real_iad_vcpill,C:\Users\Usuario\Desktop\Thesis\Pipeline\Real-time-visual-defect-detection\data\outputs\Experiment 3\coldstart_draem_real_iad_vcpill,draem,vcpill,NVIDIA A100-SXM4-80GB,0.285321513835075,0.6650124596258389,0.0841300191204589,29.81155027801504,1779130044755289300,2548
coldstart_draem_real_iad_wooden_beads,C:\Users\Usuario\Desktop\Thesis\Pipeline\Real-time-visual-defect-detection\data\outputs\Experiment 3\coldstart_draem_real_iad_wooden_beads,draem,wooden_beads,NVIDIA A100-SXM4-80GB,0.5594163067661302,0.8557401676139964,0.1465798045602606,29.84629780458141,1779130045266073900,2562
coldstart_draem_real_iad_woodstick,C:\Users\Usuario\Desktop\Thesis\Pipeline\Real-time-visual-defect-detection\data\outputs\Experiment 3\coldstart_draem_real_iad_woodstick,draem,woodstick,NVIDIA A100-SXM4-80GB,0.3257213930348259,0.6091247129077283,0.0,29.849868975732523,1779130045724098900,2517
coldstart_draem_real_iad_zipper,C:\Users\Usuario\Desktop\Thesis\Pipeline\Real-time-visual-defect-detection\data\outputs\Experiment 3\coldstart_draem_real_iad_zipper,draem,zipper,NVIDIA A100-SXM4-80GB,0.4745074626865672,0.705397293271702,0.0039920159680638,29.819058328080825,1779130045834153200,2532
coldstart_padim_real_iad_audiojack,C:\Users\Usuario\Desktop\Thesis\Pipeline\Real-time-visual-defect-detection\data\outputs\Experiment 3\coldstart_padim_real_iad_audiojack,padim,audiojack,NVIDIA L4,0.4684458965133643,0.730786716237403,0.3853727144866385,3.597651690136406,1779123341901740000,2563
coldstart_padim_real_iad_bottle_cap,C:\Users\Usuario\Desktop\Thesis\Pipeline\Real-time-visual-defect-detection\data\outputs\Experiment 3\coldstart_padim_real_iad_bottle_cap,padim,bottle_cap,NVIDIA L4,0.6214938030006523,0.7738474516689171,0.0038986354775828,3.5279778975800866,1779123341390095800,2552
coldstart_padim_real_iad_button_battery,C:\Users\Usuario\Desktop\Thesis\Pipeline\Real-time-visual-defect-detection\data\outputs\Experiment 3\coldstart_padim_real_iad_button_battery,padim,button_battery,NVIDIA L4,0.7793808330955175,0.8908826757135333,0.0303605313092979,3.4891354585696326,1779123341690823800,2545
coldstart_padim_real_iad_end_cap,C:\Users\Usuario\Desktop\Thesis\Pipeline\Real-time-visual-defect-detection\data\outputs\Experiment 3\coldstart_padim_real_iad_end_cap,padim,end_cap,NVIDIA L4,0.6869611158072695,0.8222885078692042,0.0797101449275362,3.495011500000312,1779123334823369200,2549
coldstart_padim_real_iad_eraser,C:\Users\Usuario\Desktop\Thesis\Pipeline\Real-time-visual-defect-detection\data\outputs\Experiment 3\coldstart_padim_real_iad_eraser,padim,eraser,NVIDIA L4,0.766844609724888,0.880600986580679,0.1182795698924731,3.546455321173729,1779123335683944400,2554
coldstart_padim_real_iad_fire_hood,C:\Users\Usuario\Desktop\Thesis\Pipeline\Real-time-visual-defect-detection\data\outputs\Experiment 3\coldstart_padim_real_iad_fire_hood,padim,fire_hood,NVIDIA L4,0.7036543473110637,0.8745332590329099,0.4406779661016949,3.63636308368749,1779123337529817400,2563
coldstart_padim_real_iad_mint,C:\Users\Usuario\Desktop\Thesis\Pipeline\Real-time-visual-defect-detection\data\outputs\Experiment 3\coldstart_padim_real_iad_mint,padim,mint,NVIDIA L4,0.376810421555142,0.939872277684744,0.091743119266055,3.591248517739147,1779123335818364900,2555
coldstart_padim_real_iad_mounts,C:\Users\Usuario\Desktop\Thesis\Pipeline\Real-time-visual-defect-detection\data\outputs\Experiment 3\coldstart_padim_real_iad_mounts,padim,mounts,NVIDIA L4,0.7005772502433891,0.8721778585880385,0.384251968503937,3.5801748140889864,1779123339047189400,2558
coldstart_padim_real_iad_pcb,C:\Users\Usuario\Desktop\Thesis\Pipeline\Real-time-visual-defect-detection\data\outputs\Experiment 3\coldstart_padim_real_iad_pcb,padim,pcb,NVIDIA L4,0.7231898368231928,0.8413054548406742,0.0385356454720616,3.5217496367536074,1779123339618008000,2538
coldstart_padim_real_iad_phone_battery,C:\Users\Usuario\Desktop\Thesis\Pipeline\Real-time-visual-defect-detection\data\outputs\Experiment 3\coldstart_padim_real_iad_phone_battery,padim,phone_battery,NVIDIA L4,0.5989472682880427,0.8436229154695707,0.0304761904761904,3.492352462852588,1779123338557806100,2556
coldstart_padim_real_iad_plastic_nut,C:\Users\Usuario\Desktop\Thesis\Pipeline\Real-time-visual-defect-detection\data\outputs\Experiment 3\coldstart_padim_real_iad_plastic_nut,padim,plastic_nut,NVIDIA L4,0.4379702970297029,0.6777506483917788,0.1222222222222222,3.578019514249,1779123333769281700,2535
coldstart_padim_real_iad_plastic_plug,C:\Users\Usuario\Desktop\Thesis\Pipeline\Real-time-visual-defect-detection\data\outputs\Experiment 3\coldstart_padim_real_iad_plastic_plug,padim,plastic_plug,NVIDIA L4,0.6689872752129562,0.8367378246786252,0.2297297297297297,3.5527727210294966,1779123334702666000,2571
coldstart_padim_real_iad_porcelain_doll,C:\Users\Usuario\Desktop\Thesis\Pipeline\Real-time-visual-defect-detection\data\outputs\Experiment 3\coldstart_padim_real_iad_porcelain_doll,padim,porcelain_doll,NVIDIA L4,0.4427075075836847,0.7252843408361095,0.0190839694656488,3.5023949285810625,1779123335964320800,2573
coldstart_padim_real_iad_regulator,C:\Users\Usuario\Desktop\Thesis\Pipeline\Real-time-visual-defect-detection\data\outputs\Experiment 3\coldstart_padim_real_iad_regulator,padim,regulator,NVIDIA L4,0.7990731065443709,0.9160447713072892,0.6840796019900497,3.546835251380445,1779123337094384000,2558
coldstart_padim_real_iad_rolled_strip_base,C:\Users\Usuario\Desktop\Thesis\Pipeline\Real-time-visual-defect-detection\data\outputs\Experiment 3\coldstart_padim_real_iad_rolled_strip_base,padim,rolled_strip_base,NVIDIA L4,0.971245089599351,0.9873074639614818,0.8395061728395061,3.5509561957778586,1779123341520972600,2578
coldstart_padim_real_iad_sim_card_set,C:\Users\Usuario\Desktop\Thesis\Pipeline\Real-time-visual-defect-detection\data\outputs\Experiment 3\coldstart_padim_real_iad_sim_card_set,padim,sim_card_set,NVIDIA L4,0.8693529786049471,0.9176513045681524,0.0385356454720616,3.505296898012046,1779123336722576400,2569
coldstart_padim_real_iad_switch,C:\Users\Usuario\Desktop\Thesis\Pipeline\Real-time-visual-defect-detection\data\outputs\Experiment 3\coldstart_padim_real_iad_switch,padim,switch,NVIDIA L4,0.8008868243243243,0.9067308980041022,0.0304182509505703,3.5624581436576603,1779123341339241100,2541
coldstart_padim_real_iad_tape,C:\Users\Usuario\Desktop\Thesis\Pipeline\Real-time-visual-defect-detection\data\outputs\Experiment 3\coldstart_padim_real_iad_tape,padim,tape,NVIDIA L4,0.7828942307692307,0.8851291386971658,0.077634011090573,3.525439854171787,1779123339317155300,2536
coldstart_padim_real_iad_terminalblock,C:\Users\Usuario\Desktop\Thesis\Pipeline\Real-time-visual-defect-detection\data\outputs\Experiment 3\coldstart_padim_real_iad_terminalblock,padim,terminalblock,NVIDIA L4,0.5230519115346468,0.7852017760870791,0.2131979695431472,3.550002280287796,1779123339954234800,2571
coldstart_padim_real_iad_toothbrush,C:\Users\Usuario\Desktop\Thesis\Pipeline\Real-time-visual-defect-detection\data\outputs\Experiment 3\coldstart_padim_real_iad_toothbrush,padim,toothbrush,NVIDIA L4,0.3929811507936508,0.7012374730909647,0.0855018587360594,3.574779231097476,1779123339391479400,2555
coldstart_padim_real_iad_toy,C:\Users\Usuario\Desktop\Thesis\Pipeline\Real-time-visual-defect-detection\data\outputs\Experiment 3\coldstart_padim_real_iad_toy,padim,toy,NVIDIA L4,0.6146344370071702,0.7963893045758297,0.1418181818181818,3.5595922482190474,1779123340044155200,2550
coldstart_padim_real_iad_toy_brick,C:\Users\Usuario\Desktop\Thesis\Pipeline\Real-time-visual-defect-detection\data\outputs\Experiment 3\coldstart_padim_real_iad_toy_brick,padim,toy_brick,NVIDIA L4,0.7290876825038316,0.8527785928131282,0.1148148148148148,3.520771283490214,1779123335741259500,2562
coldstart_padim_real_iad_transistor1,C:\Users\Usuario\Desktop\Thesis\Pipeline\Real-time-visual-defect-detection\data\outputs\Experiment 3\coldstart_padim_real_iad_transistor1,padim,transistor1,NVIDIA L4,0.6220141082439373,0.8491821898544669,0.1335807050092764,3.507602982863968,1779123334928423800,2552
coldstart_padim_real_iad_u_block,C:\Users\Usuario\Desktop\Thesis\Pipeline\Real-time-visual-defect-detection\data\outputs\Experiment 3\coldstart_padim_real_iad_u_block,padim,u_block,NVIDIA L4,0.5571545100250753,0.7644909908618887,0.0948766603415559,3.6033563381034064,1779123341743538600,2558
coldstart_padim_real_iad_usb,C:\Users\Usuario\Desktop\Thesis\Pipeline\Real-time-visual-defect-detection\data\outputs\Experiment 3\coldstart_padim_real_iad_usb,padim,usb,NVIDIA L4,0.2153314028314028,0.6287142313072087,0.0561797752808988,3.5307015535053465,1779123341162770800,2542
coldstart_padim_real_iad_usb_adaptor,C:\Users\Usuario\Desktop\Thesis\Pipeline\Real-time-visual-defect-detection\data\outputs\Experiment 3\coldstart_padim_real_iad_usb_adaptor,padim,usb_adaptor,NVIDIA L4,0.7905732162911691,0.892994188878802,0.1047120418848167,3.720016095306153,1779123339539183100,2565
coldstart_padim_real_iad_vcpill,C:\Users\Usuario\Desktop\Thesis\Pipeline\Real-time-visual-defect-detection\data\outputs\Experiment 3\coldstart_padim_real_iad_vcpill,padim,vcpill,NVIDIA L4,0.6627920629329576,0.7870793511103396,0.0653846153846153,3.553960120569573,1779123338620628400,2560
coldstart_padim_real_iad_wooden_beads,C:\Users\Usuario\Desktop\Thesis\Pipeline\Real-time-visual-defect-detection\data\outputs\Experiment 3\coldstart_padim_real_iad_wooden_beads,padim,wooden_beads,NVIDIA L4,0.6481481481481481,0.8541060950969648,0.3732590529247911,3.6030005007128674,1779123340234189500,2567
coldstart_padim_real_iad_woodstick,C:\Users\Usuario\Desktop\Thesis\Pipeline\Real-time-visual-defect-detection\data\outputs\Experiment 3\coldstart_padim_real_iad_woodstick,padim,woodstick,NVIDIA L4,0.6162089552238805,0.8217722704124869,0.0,3.4863020898466,1779123339657024400,2513
coldstart_padim_real_iad_zipper,C:\Users\Usuario\Desktop\Thesis\Pipeline\Real-time-visual-defect-detection\data\outputs\Experiment 3\coldstart_padim_real_iad_zipper,padim,zipper,NVIDIA L4,0.6847960199004974,0.8326649261506138,0.0039920159680638,3.475649352350461,1779123339265936300,2530
coldstart_patchcore_real_iad_audiojack,C:\Users\Usuario\Desktop\Thesis\Pipeline\Real-time-visual-defect-detection\data\outputs\Experiment 3\coldstart_patchcore_real_iad_audiojack,patchcore,audiojack,NVIDIA L4,0.7634118719996792,0.8903570919319793,0.4224924012158054,170.60647953097975,1779089397216292900,2572
coldstart_patchcore_real_iad_bottle_cap,C:\Users\Usuario\Desktop\Thesis\Pipeline\Real-time-visual-defect-detection\data\outputs\Experiment 3\coldstart_patchcore_real_iad_bottle_cap,patchcore,bottle_cap,NVIDIA L4,0.933942840834964,0.9726581486567564,0.5805555555555556,170.1183205448105,1779089398711120900,2557
coldstart_patchcore_real_iad_button_battery,C:\Users\Usuario\Desktop\Thesis\Pipeline\Real-time-visual-defect-detection\data\outputs\Experiment 3\coldstart_patchcore_real_iad_button_battery,patchcore,button_battery,NVIDIA L4,0.8574584350656902,0.9487159215515204,0.6178428761651131,170.61165574431865,1779089397135537100,2571
coldstart_patchcore_real_iad_end_cap,C:\Users\Usuario\Desktop\Thesis\Pipeline\Real-time-visual-defect-detection\data\outputs\Experiment 3\coldstart_patchcore_real_iad_end_cap,patchcore,end_cap,NVIDIA L4,0.7892857142857144,0.8863280164028067,0.5580774365821094,170.76123321935864,1779089396124662600,2572
coldstart_patchcore_real_iad_eraser,C:\Users\Usuario\Desktop\Thesis\Pipeline\Real-time-visual-defect-detection\data\outputs\Experiment 3\coldstart_patchcore_real_iad_eraser,patchcore,eraser,NVIDIA L4,0.8032129718490083,0.9195657991551308,0.4935437589670015,170.54369770965715,1779089396884917400,2566
coldstart_patchcore_real_iad_fire_hood,C:\Users\Usuario\Desktop\Thesis\Pipeline\Real-time-visual-defect-detection\data\outputs\Experiment 3\coldstart_patchcore_real_iad_fire_hood,patchcore,fire_hood,NVIDIA L4,0.7693575771933983,0.902746474822181,0.5,170.3887483375409,1779089397982028300,2557
coldstart_patchcore_real_iad_mint,C:\Users\Usuario\Desktop\Thesis\Pipeline\Real-time-visual-defect-detection\data\outputs\Experiment 3\coldstart_patchcore_real_iad_mint,patchcore,mint,NVIDIA L4,0.6305121773606278,0.9731903507515992,0.2222222222222222,170.57616191855368,1779089396079433300,2560
coldstart_patchcore_real_iad_mounts,C:\Users\Usuario\Desktop\Thesis\Pipeline\Real-time-visual-defect-detection\data\outputs\Experiment 3\coldstart_patchcore_real_iad_mounts,patchcore,mounts,NVIDIA L4,0.8678913156781953,0.9510443274035276,0.6226415094339622,170.4438231450874,1779089398303107900,2554
coldstart_patchcore_real_iad_pcb,C:\Users\Usuario\Desktop\Thesis\Pipeline\Real-time-visual-defect-detection\data\outputs\Experiment 3\coldstart_patchcore_real_iad_pcb,patchcore,pcb,NVIDIA L4,0.8876492563901585,0.9487658765971004,0.4753363228699551,170.96308351846997,1779089398941466400,2536
coldstart_patchcore_real_iad_phone_battery,C:\Users\Usuario\Desktop\Thesis\Pipeline\Real-time-visual-defect-detection\data\outputs\Experiment 3\coldstart_patchcore_real_iad_phone_battery,patchcore,phone_battery,NVIDIA L4,0.907103825136612,0.9606465101671968,0.5647382920110193,170.71765023570282,1779089398500503400,2587
coldstart_patchcore_real_iad_plastic_nut,C:\Users\Usuario\Desktop\Thesis\Pipeline\Real-time-visual-defect-detection\data\outputs\Experiment 3\coldstart_patchcore_real_iad_plastic_nut,patchcore,plastic_nut,NVIDIA L4,0.4455544554455445,0.7219727715396836,0.3774104683195592,170.88354206982248,1779089397026199200,2566
coldstart_patchcore_real_iad_plastic_plug,C:\Users\Usuario\Desktop\Thesis\Pipeline\Real-time-visual-defect-detection\data\outputs\Experiment 3\coldstart_patchcore_real_iad_plastic_plug,patchcore,plastic_plug,NVIDIA L4,0.8338100746661059,0.9407135112110252,0.5335235378031383,170.73788265093307,1779089396424717300,2567
coldstart_patchcore_real_iad_porcelain_doll,C:\Users\Usuario\Desktop\Thesis\Pipeline\Real-time-visual-defect-detection\data\outputs\Experiment 3\coldstart_patchcore_real_iad_porcelain_doll,patchcore,porcelain_doll,NVIDIA L4,0.7216074240838803,0.8876732100602854,0.3642072213500785,170.90832460866554,1779089396276274100,2588
coldstart_patchcore_real_iad_regulator,C:\Users\Usuario\Desktop\Thesis\Pipeline\Real-time-visual-defect-detection\data\outputs\Experiment 3\coldstart_patchcore_real_iad_regulator,patchcore,regulator,NVIDIA L4,0.7747107086187546,0.907559009405864,0.0844036697247706,170.7429801792235,1779089396661257800,2562
coldstart_patchcore_real_iad_rolled_strip_base,C:\Users\Usuario\Desktop\Thesis\Pipeline\Real-time-visual-defect-detection\data\outputs\Experiment 3\coldstart_patchcore_real_iad_rolled_strip_base,patchcore,rolled_strip_base,NVIDIA L4,0.9899862459306756,0.9960773715485354,0.9054197662061636,170.88634423512624,1779089397359432600,2590
coldstart_patchcore_real_iad_sim_card_set,C:\Users\Usuario\Desktop\Thesis\Pipeline\Real-time-visual-defect-detection\data\outputs\Experiment 3\coldstart_patchcore_real_iad_sim_card_set,patchcore,sim_card_set,NVIDIA L4,0.9613755666905276,0.9826617075539636,0.7721822541966428,170.76864331018638,1779089397800032500,2584
coldstart_patchcore_real_iad_switch,C:\Users\Usuario\Desktop\Thesis\Pipeline\Real-time-visual-defect-detection\data\outputs\Experiment 3\coldstart_patchcore_real_iad_switch,patchcore,switch,NVIDIA L4,0.9287524131274132,0.9756984834474716,0.8788198103266597,169.11539207176247,1779123338767068200,2570
coldstart_patchcore_real_iad_tape,C:\Users\Usuario\Desktop\Thesis\Pipeline\Real-time-visual-defect-detection\data\outputs\Experiment 3\coldstart_patchcore_real_iad_tape,patchcore,tape,NVIDIA L4,0.8132019230769232,0.9274491844853928,0.5446927374301676,168.69934890972016,1779123341202871400,2553
coldstart_patchcore_real_iad_terminalblock,C:\Users\Usuario\Desktop\Thesis\Pipeline\Real-time-visual-defect-detection\data\outputs\Experiment 3\coldstart_patchcore_real_iad_terminalblock,patchcore,terminalblock,NVIDIA A100-SXM4-80GB,0.8875471620944572,0.9627073903970914,0.8072153325817362,75.64718325070272,1779123334310281900,2593
coldstart_patchcore_real_iad_toothbrush,C:\Users\Usuario\Desktop\Thesis\Pipeline\Real-time-visual-defect-detection\data\outputs\Experiment 3\coldstart_patchcore_real_iad_toothbrush,patchcore,toothbrush,NVIDIA A100-SXM4-80GB,0.9439380787037038,0.9802873994392636,0.075187969924812,75.84778907275255,1779123333569393000,2561
coldstart_patchcore_real_iad_toy,C:\Users\Usuario\Desktop\Thesis\Pipeline\Real-time-visual-defect-detection\data\outputs\Experiment 3\coldstart_patchcore_real_iad_toy,patchcore,toy,NVIDIA A100-SXM4-80GB,0.9303732099231334,0.966964316623201,0.273037542662116,76.0141215758874,1779123334523411800,2555
coldstart_patchcore_real_iad_toy_brick,C:\Users\Usuario\Desktop\Thesis\Pipeline\Real-time-visual-defect-detection\data\outputs\Experiment 3\coldstart_patchcore_real_iad_toy_brick,patchcore,toy_brick,NVIDIA A100-SXM4-80GB,0.7159494232475598,0.8873326627532246,0.4430769230769231,75.87161186610072,1779123339755911600,2571
coldstart_patchcore_real_iad_transistor1,C:\Users\Usuario\Desktop\Thesis\Pipeline\Real-time-visual-defect-detection\data\outputs\Experiment 3\coldstart_patchcore_real_iad_transistor1,patchcore,transistor1,NVIDIA A100-SXM4-80GB,0.9045321976768828,0.9571531650037066,0.1971326164874552,75.90400081571651,1779123334244658100,2562
coldstart_patchcore_real_iad_u_block,C:\Users\Usuario\Desktop\Thesis\Pipeline\Real-time-visual-defect-detection\data\outputs\Experiment 3\coldstart_patchcore_real_iad_u_block,patchcore,u_block,NVIDIA A100-SXM4-80GB,0.6848571514889075,0.8568416351833179,0.2018018018018018,75.86138958595261,1779123334632041100,2568
coldstart_patchcore_real_iad_usb,C:\Users\Usuario\Desktop\Thesis\Pipeline\Real-time-visual-defect-detection\data\outputs\Experiment 3\coldstart_patchcore_real_iad_usb,patchcore,usb,NVIDIA A100-SXM4-80GB,0.8530204311454312,0.9477835616306992,0.6562905317769131,76.03761224365931,1779123335257274300,2560
coldstart_patchcore_real_iad_usb_adaptor,C:\Users\Usuario\Desktop\Thesis\Pipeline\Real-time-visual-defect-detection\data\outputs\Experiment 3\coldstart_patchcore_real_iad_usb_adaptor,patchcore,usb_adaptor,NVIDIA A100-SXM4-80GB,0.8626320735257041,0.9447338400577456,0.5294117647058824,75.86641278804908,1779123333895451600,2589
coldstart_patchcore_real_iad_vcpill,C:\Users\Usuario\Desktop\Thesis\Pipeline\Real-time-visual-defect-detection\data\outputs\Experiment 3\coldstart_patchcore_real_iad_vcpill,patchcore,vcpill,NVIDIA A100-SXM4-80GB,0.5652224961841024,0.793237031952643,0.2035714285714285,76.09479360992786,1779123333619381100,2581
coldstart_patchcore_real_iad_wooden_beads,C:\Users\Usuario\Desktop\Thesis\Pipeline\Real-time-visual-defect-detection\data\outputs\Experiment 3\coldstart_patchcore_real_iad_wooden_beads,patchcore,wooden_beads,NVIDIA A100-SXM4-80GB,0.776455961261615,0.9389079079166416,0.4271844660194174,75.78366427675424,1779123333381083500,2590
coldstart_patchcore_real_iad_woodstick,C:\Users\Usuario\Desktop\Thesis\Pipeline\Real-time-visual-defect-detection\data\outputs\Experiment 3\coldstart_patchcore_real_iad_woodstick,patchcore,woodstick,NVIDIA A100-SXM4-80GB,0.6140099502487563,0.8164697243493674,0.2764505119453925,75.87188078601825,1779123337268770600,2572
coldstart_patchcore_real_iad_zipper,C:\Users\Usuario\Desktop\Thesis\Pipeline\Real-time-visual-defect-detection\data\outputs\Experiment 3\coldstart_patchcore_real_iad_zipper,patchcore,zipper,NVIDIA A100-SXM4-80GB,0.9897910447761196,0.995877442232139,0.6577181208053691,75.75005308701904,1779123336507822700,2547
coldstart_rd4ad_real_iad_audiojack,C:\Users\Usuario\Desktop\Thesis\Pipeline\Real-time-visual-defect-detection\data\outputs\Experiment 3\coldstart_rd4ad_real_iad_audiojack,rd4ad,audiojack,NVIDIA L4,0.5822651607019372,0.7700011228116704,0.1403508771929824,16.973150557754398,1779011892539564200,2571
coldstart_rd4ad_real_iad_bottle_cap,C:\Users\Usuario\Desktop\Thesis\Pipeline\Real-time-visual-defect-detection\data\outputs\Experiment 3\coldstart_rd4ad_real_iad_bottle_cap,rd4ad,bottle_cap,NVIDIA L4,0.7721991193737769,0.8720712727339692,0.0420650095602294,16.993987280237246,1779011891309950300,2577
coldstart_rd4ad_real_iad_button_battery,C:\Users\Usuario\Desktop\Thesis\Pipeline\Real-time-visual-defect-detection\data\outputs\Experiment 3\coldstart_rd4ad_real_iad_button_battery,rd4ad,button_battery,NVIDIA L4,0.9212142351312216,0.9560730166821162,0.0851851851851851,17.04329566571037,1779011892327691200,2566
coldstart_rd4ad_real_iad_end_cap,C:\Users\Usuario\Desktop\Thesis\Pipeline\Real-time-visual-defect-detection\data\outputs\Experiment 3\coldstart_rd4ad_real_iad_end_cap,rd4ad,end_cap,NVIDIA L4,0.6797020287404902,0.8474756183833803,0.1155234657039711,17.197976512848474,1779011893487712000,2567
coldstart_rd4ad_real_iad_eraser,C:\Users\Usuario\Desktop\Thesis\Pipeline\Real-time-visual-defect-detection\data\outputs\Experiment 3\coldstart_rd4ad_real_iad_eraser,rd4ad,eraser,NVIDIA L4,0.5987683941138835,0.8123113951959446,0.2370617696160267,17.052841917257656,1779011892206451800,2566
coldstart_rd4ad_real_iad_fire_hood,C:\Users\Usuario\Desktop\Thesis\Pipeline\Real-time-visual-defect-detection\data\outputs\Experiment 3\coldstart_rd4ad_real_iad_fire_hood,rd4ad,fire_hood,NVIDIA L4,0.6769327963357814,0.8465340685321038,0.2784380305602716,17.11332377446447,1779011893230437200,2571
coldstart_rd4ad_real_iad_mint,C:\Users\Usuario\Desktop\Thesis\Pipeline\Real-time-visual-defect-detection\data\outputs\Experiment 3\coldstart_rd4ad_real_iad_mint,rd4ad,mint,NVIDIA L4,0.529007201229873,0.9628629776747536,0.1212903225806451,17.012857802873683,1779011893192323700,2563
coldstart_rd4ad_real_iad_mounts,C:\Users\Usuario\Desktop\Thesis\Pipeline\Real-time-visual-defect-detection\data\outputs\Experiment 3\coldstart_rd4ad_real_iad_mounts,rd4ad,mounts,NVIDIA L4,0.7275123169664368,0.8829030214813032,0.5752330226364847,16.941625409845713,1779011892027485500,2552
coldstart_rd4ad_real_iad_pcb,C:\Users\Usuario\Desktop\Thesis\Pipeline\Real-time-visual-defect-detection\data\outputs\Experiment 3\coldstart_rd4ad_real_iad_pcb,rd4ad,pcb,NVIDIA L4,0.733196249885481,0.851145725782873,0.0719696969696969,17.175701813375728,1779011893356529600,2544
coldstart_rd4ad_real_iad_phone_battery,C:\Users\Usuario\Desktop\Thesis\Pipeline\Real-time-visual-defect-detection\data\outputs\Experiment 3\coldstart_rd4ad_real_iad_phone_battery,rd4ad,phone_battery,NVIDIA L4,0.4202788259293317,0.7663292390155281,0.2833607907742998,17.104103460007018,1779011892260349800,2579
coldstart_rd4ad_real_iad_plastic_nut,C:\Users\Usuario\Desktop\Thesis\Pipeline\Real-time-visual-defect-detection\data\outputs\Experiment 3\coldstart_rd4ad_real_iad_plastic_nut,rd4ad,plastic_nut,NVIDIA L4,0.8762970297029703,0.9322721267001802,0.1404805914972273,17.070122488571556,1779011893121227900,2563
coldstart_rd4ad_real_iad_plastic_plug,C:\Users\Usuario\Desktop\Thesis\Pipeline\Real-time-visual-defect-detection\data\outputs\Experiment 3\coldstart_rd4ad_real_iad_plastic_plug,rd4ad,plastic_plug,NVIDIA L4,0.6855189820170365,0.865656142416678,0.1204379562043795,17.084996689566122,1779011892702704700,2576
coldstart_rd4ad_real_iad_porcelain_doll,C:\Users\Usuario\Desktop\Thesis\Pipeline\Real-time-visual-defect-detection\data\outputs\Experiment 3\coldstart_rd4ad_real_iad_porcelain_doll,rd4ad,porcelain_doll,NVIDIA L4,0.6588345963999958,0.8646614477286384,0.1982608695652173,16.964441549971525,1779011891925073300,2580
coldstart_rd4ad_real_iad_regulator,C:\Users\Usuario\Desktop\Thesis\Pipeline\Real-time-visual-defect-detection\data\outputs\Experiment 3\coldstart_rd4ad_real_iad_regulator,rd4ad,regulator,NVIDIA L4,0.5661983822903364,0.7572595346886315,0.0481481481481481,17.06920232221339,1779011891868646300,2572
coldstart_rd4ad_real_iad_rolled_strip_base,C:\Users\Usuario\Desktop\Thesis\Pipeline\Real-time-visual-defect-detection\data\outputs\Experiment 3\coldstart_rd4ad_real_iad_rolled_strip_base,rd4ad,rolled_strip_base,NVIDIA L4,0.9323378949347424,0.9692287573012608,0.5710344827586207,16.977765736618508,1779011891361063300,2591
coldstart_rd4ad_real_iad_sim_card_set,C:\Users\Usuario\Desktop\Thesis\Pipeline\Real-time-visual-defect-detection\data\outputs\Experiment 3\coldstart_rd4ad_real_iad_sim_card_set,rd4ad,sim_card_set,NVIDIA L4,0.8763421617752327,0.9509185405473302,0.5365853658536585,17.00029862749093,1779011891483251900,2579
coldstart_rd4ad_real_iad_switch,C:\Users\Usuario\Desktop\Thesis\Pipeline\Real-time-visual-defect-detection\data\outputs\Experiment 3\coldstart_rd4ad_real_iad_switch,rd4ad,switch,NVIDIA L4,0.7020491473616474,0.8824127219697013,0.4086021505376344,16.98970964226249,1779011892383517300,2554
coldstart_rd4ad_real_iad_tape,C:\Users\Usuario\Desktop\Thesis\Pipeline\Real-time-visual-defect-detection\data\outputs\Experiment 3\coldstart_rd4ad_real_iad_tape,rd4ad,tape,NVIDIA L4,0.6993750000000001,0.8766023910707914,0.3819875776397515,17.090899847212565,1779011891782637300,2566
coldstart_rd4ad_real_iad_terminalblock,C:\Users\Usuario\Desktop\Thesis\Pipeline\Real-time-visual-defect-detection\data\outputs\Experiment 3\coldstart_rd4ad_real_iad_terminalblock,rd4ad,terminalblock,NVIDIA L4,0.7295937669348984,0.8723473679217186,0.4386724386724387,17.112519467604805,1779011891665820600,2584
coldstart_rd4ad_real_iad_toothbrush,C:\Users\Usuario\Desktop\Thesis\Pipeline\Real-time-visual-defect-detection\data\outputs\Experiment 3\coldstart_rd4ad_real_iad_toothbrush,rd4ad,toothbrush,NVIDIA L4,0.775607638888889,0.9096259973344109,0.1615798922800718,17.01092534378051,1779011891422573100,2546
coldstart_rd4ad_real_iad_toy,C:\Users\Usuario\Desktop\Thesis\Pipeline\Real-time-visual-defect-detection\data\outputs\Experiment 3\coldstart_rd4ad_real_iad_toy,rd4ad,toy,NVIDIA L4,0.6653027985778697,0.8258781840802916,0.0611854684512428,17.09055175318531,1779011893403307600,2559
coldstart_rd4ad_real_iad_toy_brick,C:\Users\Usuario\Desktop\Thesis\Pipeline\Real-time-visual-defect-detection\data\outputs\Experiment 3\coldstart_rd4ad_real_iad_toy_brick,rd4ad,toy_brick,NVIDIA L4,0.6680648544002581,0.8524992436059331,0.0039447731755424,16.93118851848951,1779011892142565200,2559
coldstart_rd4ad_real_iad_transistor1,C:\Users\Usuario\Desktop\Thesis\Pipeline\Real-time-visual-defect-detection\data\outputs\Experiment 3\coldstart_rd4ad_real_iad_transistor1,rd4ad,transistor1,NVIDIA L4,0.4091592576520572,0.7440962358709848,0.02734375,17.105298317124575,1779031138011710000,2567
coldstart_rd4ad_real_iad_u_block,C:\Users\Usuario\Desktop\Thesis\Pipeline\Real-time-visual-defect-detection\data\outputs\Experiment 3\coldstart_rd4ad_real_iad_u_block,rd4ad,u_block,NVIDIA L4,0.6547164681121036,0.8389701462307044,0.155268022181146,17.04791046990703,1779031151316411700,2551
coldstart_rd4ad_real_iad_usb,C:\Users\Usuario\Desktop\Thesis\Pipeline\Real-time-visual-defect-detection\data\outputs\Experiment 3\coldstart_rd4ad_real_iad_usb,rd4ad,usb,NVIDIA L4,0.6475426319176318,0.825747540103532,0.2996742671009772,17.10258865916817,1779031145928400300,2556
coldstart_rd4ad_real_iad_usb_adaptor,C:\Users\Usuario\Desktop\Thesis\Pipeline\Real-time-visual-defect-detection\data\outputs\Experiment 3\coldstart_rd4ad_real_iad_usb_adaptor,rd4ad,usb_adaptor,NVIDIA L4,0.654866952396232,0.8692954270162976,0.2730158730158729,16.95097737412774,1779031150557309200,2575
coldstart_rd4ad_real_iad_vcpill,C:\Users\Usuario\Desktop\Thesis\Pipeline\Real-time-visual-defect-detection\data\outputs\Experiment 3\coldstart_rd4ad_real_iad_vcpill,rd4ad,vcpill,NVIDIA L4,0.8465813471097021,0.910141779844732,0.2461005199306758,17.028617615600112,1779031145753298900,2569
coldstart_rd4ad_real_iad_wooden_beads,C:\Users\Usuario\Desktop\Thesis\Pipeline\Real-time-visual-defect-detection\data\outputs\Experiment 3\coldstart_rd4ad_real_iad_wooden_beads,rd4ad,wooden_beads,NVIDIA L4,0.7235178641539066,0.9015633749739342,0.2047244094488189,17.0329582182598,1779031138787021700,2579
coldstart_rd4ad_real_iad_woodstick,C:\Users\Usuario\Desktop\Thesis\Pipeline\Real-time-visual-defect-detection\data\outputs\Experiment 3\coldstart_rd4ad_real_iad_woodstick,rd4ad,woodstick,NVIDIA L4,0.7157014925373134,0.8511060269464386,0.0806142034548944,17.048540634804496,1779031146602241400,2541
coldstart_rd4ad_real_iad_zipper,C:\Users\Usuario\Desktop\Thesis\Pipeline\Real-time-visual-defect-detection\data\outputs\Experiment 3\coldstart_rd4ad_real_iad_zipper,rd4ad,zipper,NVIDIA L4,0.8954825870646766,0.9554338573104338,0.6358695652173914,17.0533325292526,1779031142592716900,2551
coldstart_stfpm_real_iad_audiojack,C:\Users\Usuario\Desktop\Thesis\Pipeline\Real-time-visual-defect-detection\data\outputs\Experiment 3\coldstart_stfpm_real_iad_audiojack,stfpm,audiojack,NVIDIA L4,0.63793708221004,0.799014417112907,0.0303605313092979,5.9907418112649,1779031138959303800,2540
coldstart_stfpm_real_iad_bottle_cap,C:\Users\Usuario\Desktop\Thesis\Pipeline\Real-time-visual-defect-detection\data\outputs\Experiment 3\coldstart_stfpm_real_iad_bottle_cap,stfpm,bottle_cap,NVIDIA L4,0.6592261904761905,0.8247219671765077,0.0494296577946768,5.964016072549083,1779031137873238500,2565
coldstart_stfpm_real_iad_button_battery,C:\Users\Usuario\Desktop\Thesis\Pipeline\Real-time-visual-defect-detection\data\outputs\Experiment 3\coldstart_stfpm_real_iad_button_battery,stfpm,button_battery,NVIDIA L4,0.4627791694411855,0.7190815563468841,0.019047619047619,5.890280131437261,1779031147491047700,2560
coldstart_stfpm_real_iad_end_cap,C:\Users\Usuario\Desktop\Thesis\Pipeline\Real-time-visual-defect-detection\data\outputs\Experiment 3\coldstart_stfpm_real_iad_end_cap,stfpm,end_cap,NVIDIA L4,0.4918110735418428,0.7496765545072064,0.0337711069418386,5.98375312535785,1779031138600625900,2559
coldstart_stfpm_real_iad_eraser,C:\Users\Usuario\Desktop\Thesis\Pipeline\Real-time-visual-defect-detection\data\outputs\Experiment 3\coldstart_stfpm_real_iad_eraser,stfpm,eraser,NVIDIA L4,0.5999180262316058,0.7863813769248005,0.1805792163543441,6.1664520841504,1779031139475823100,2552
coldstart_stfpm_real_iad_fire_hood,C:\Users\Usuario\Desktop\Thesis\Pipeline\Real-time-visual-defect-detection\data\outputs\Experiment 3\coldstart_stfpm_real_iad_fire_hood,stfpm,fire_hood,NVIDIA L4,0.5177781726289189,0.7698059632936745,0.2955665024630542,6.135214099297673,1779031147813664600,2564
coldstart_stfpm_real_iad_mint,C:\Users\Usuario\Desktop\Thesis\Pipeline\Real-time-visual-defect-detection\data\outputs\Experiment 3\coldstart_stfpm_real_iad_mint,stfpm,mint,NVIDIA L4,0.5525932518812201,0.96322972779701,0.0082079343365253,6.1827452089369785,1779031139667282100,2541
coldstart_stfpm_real_iad_mounts,C:\Users\Usuario\Desktop\Thesis\Pipeline\Real-time-visual-defect-detection\data\outputs\Experiment 3\coldstart_stfpm_real_iad_mounts,stfpm,mounts,NVIDIA L4,0.5938302077904198,0.7820071036971115,0.0383141762452107,5.976502497184785,1779031148841039300,2560
coldstart_stfpm_real_iad_pcb,C:\Users\Usuario\Desktop\Thesis\Pipeline\Real-time-visual-defect-detection\data\outputs\Experiment 3\coldstart_stfpm_real_iad_pcb,stfpm,pcb,NVIDIA L4,0.6225861946109917,0.8053562458196479,0.0078125,6.0894908262115806,1779031146266117500,2543
coldstart_stfpm_real_iad_phone_battery,C:\Users\Usuario\Desktop\Thesis\Pipeline\Real-time-visual-defect-detection\data\outputs\Experiment 3\coldstart_stfpm_real_iad_phone_battery,stfpm,phone_battery,NVIDIA L4,0.1546648909746224,0.5921211962506647,0.026615969581749,5.934050931430193,1779031139165810800,2573
coldstart_stfpm_real_iad_plastic_nut,C:\Users\Usuario\Desktop\Thesis\Pipeline\Real-time-visual-defect-detection\data\outputs\Experiment 3\coldstart_stfpm_real_iad_plastic_nut,stfpm,plastic_nut,NVIDIA L4,0.485029702970297,0.7209379251977547,0.2499999999999999,6.2171610270576805,1779031151780637500,2538
coldstart_stfpm_real_iad_plastic_plug,C:\Users\Usuario\Desktop\Thesis\Pipeline\Real-time-visual-defect-detection\data\outputs\Experiment 3\coldstart_stfpm_real_iad_plastic_plug,stfpm,plastic_plug,NVIDIA L4,0.7185718792722683,0.8562282520934068,0.0077519379844961,6.1638528326224185,1779031147658222100,2557
coldstart_stfpm_real_iad_porcelain_doll,C:\Users\Usuario\Desktop\Thesis\Pipeline\Real-time-visual-defect-detection\data\outputs\Experiment 3\coldstart_stfpm_real_iad_porcelain_doll,stfpm,porcelain_doll,NVIDIA L4,0.3698090074092864,0.7150832004193794,0.1428571428571428,6.012440418565218,1779031146152080300,2575
coldstart_stfpm_real_iad_regulator,C:\Users\Usuario\Desktop\Thesis\Pipeline\Real-time-visual-defect-detection\data\outputs\Experiment 3\coldstart_stfpm_real_iad_regulator,stfpm,regulator,NVIDIA L4,0.5637795580324316,0.7647515442868403,0.0151802656546489,6.01671754027393,1779031152247829800,2548
coldstart_stfpm_real_iad_rolled_strip_base,C:\Users\Usuario\Desktop\Thesis\Pipeline\Real-time-visual-defect-detection\data\outputs\Experiment 3\coldstart_stfpm_real_iad_rolled_strip_base,stfpm,rolled_strip_base,NVIDIA L4,0.7678926588891858,0.9062675793912622,0.4875183553597651,6.128771040850783,1779031147206734900,2578
coldstart_stfpm_real_iad_sim_card_set,C:\Users\Usuario\Desktop\Thesis\Pipeline\Real-time-visual-defect-detection\data\outputs\Experiment 3\coldstart_stfpm_real_iad_sim_card_set,stfpm,sim_card_set,NVIDIA L4,0.8751093613298337,0.9514558882440768,0.2391681109185442,6.076687449002704,1779031145534251600,2552
coldstart_stfpm_real_iad_switch,C:\Users\Usuario\Desktop\Thesis\Pipeline\Real-time-visual-defect-detection\data\outputs\Experiment 3\coldstart_stfpm_real_iad_switch,stfpm,switch,NVIDIA L4,0.5495897683397684,0.7725255384408383,0.0153256704980842,6.040973526770474,1779031138176690200,2543
coldstart_stfpm_real_iad_tape,C:\Users\Usuario\Desktop\Thesis\Pipeline\Real-time-visual-defect-detection\data\outputs\Experiment 3\coldstart_stfpm_real_iad_tape,stfpm,tape,NVIDIA L4,0.5496634615384616,0.7597558700695937,0.0377358490566037,6.094784972210871,1779031146897542500,2537
coldstart_stfpm_real_iad_terminalblock,C:\Users\Usuario\Desktop\Thesis\Pipeline\Real-time-visual-defect-detection\data\outputs\Experiment 3\coldstart_stfpm_real_iad_terminalblock,stfpm,terminalblock,NVIDIA L4,0.44830829950614,0.7160142973037142,0.0188679245283018,5.972846109855543,1779031138395130600,2568
coldstart_stfpm_real_iad_toothbrush,C:\Users\Usuario\Desktop\Thesis\Pipeline\Real-time-visual-defect-detection\data\outputs\Experiment 3\coldstart_stfpm_real_iad_toothbrush,stfpm,toothbrush,NVIDIA L4,0.7044684193121693,0.8803752958727662,0.2375215146299483,5.998155847362812,1779031151009602100,2542
coldstart_stfpm_real_iad_toy,C:\Users\Usuario\Desktop\Thesis\Pipeline\Real-time-visual-defect-detection\data\outputs\Experiment 3\coldstart_stfpm_real_iad_toy,stfpm,toy,NVIDIA L4,0.5231493435557234,0.7430328074254802,0.0078585461689587,5.947187001428645,1779031139038350000,2552
coldstart_stfpm_real_iad_toy_brick,C:\Users\Usuario\Desktop\Thesis\Pipeline\Real-time-visual-defect-detection\data\outputs\Experiment 3\coldstart_stfpm_real_iad_toy_brick,stfpm,toy_brick,NVIDIA L4,0.5860994595466644,0.7956451459755342,0.0650095602294455,6.012330178059386,1779031139232914300,2548
coldstart_stfpm_real_iad_transistor1,C:\Users\Usuario\Desktop\Thesis\Pipeline\Real-time-visual-defect-detection\data\outputs\Experiment 3\coldstart_stfpm_real_iad_transistor1,stfpm,transistor1,NVIDIA L4,0.5306435498683029,0.74186824717561,0.0118343195266272,6.285125867144155,1779031137836671100,2551
coldstart_stfpm_real_iad_u_block,C:\Users\Usuario\Desktop\Thesis\Pipeline\Real-time-visual-defect-detection\data\outputs\Experiment 3\coldstart_stfpm_real_iad_u_block,stfpm,u_block,NVIDIA L4,0.315767212817595,0.6339787341697771,0.0392927308447937,6.128061555869357,1779031139600759700,2544
coldstart_stfpm_real_iad_usb,C:\Users\Usuario\Desktop\Thesis\Pipeline\Real-time-visual-defect-detection\data\outputs\Experiment 3\coldstart_stfpm_real_iad_usb,stfpm,usb,NVIDIA L4,0.5829713642213642,0.7740912772928821,0.0629629629629629,6.149221622530937,1779031147073560400,2552
coldstart_stfpm_real_iad_usb_adaptor,C:\Users\Usuario\Desktop\Thesis\Pipeline\Real-time-visual-defect-detection\data\outputs\Experiment 3\coldstart_stfpm_real_iad_usb_adaptor,stfpm,usb_adaptor,NVIDIA L4,0.5324539891361646,0.7914270785623796,0.0602836879432624,6.150801864859881,1779031141366043700,2566
coldstart_stfpm_real_iad_vcpill,C:\Users\Usuario\Desktop\Thesis\Pipeline\Real-time-visual-defect-detection\data\outputs\Experiment 3\coldstart_stfpm_real_iad_vcpill,stfpm,vcpill,NVIDIA L4,0.8265527767993424,0.8882217402553112,0.0039840637450199,6.141364371635696,1779031145431321200,2538
coldstart_stfpm_real_iad_wooden_beads,C:\Users\Usuario\Desktop\Thesis\Pipeline\Real-time-visual-defect-detection\data\outputs\Experiment 3\coldstart_stfpm_real_iad_wooden_beads,stfpm,wooden_beads,NVIDIA L4,0.7134537364219343,0.893607707754877,0.0414507772020725,6.107239242531415,1779031138868084800,2570
coldstart_stfpm_real_iad_woodstick,C:\Users\Usuario\Desktop\Thesis\Pipeline\Real-time-visual-defect-detection\data\outputs\Experiment 3\coldstart_stfpm_real_iad_woodstick,stfpm,woodstick,NVIDIA L4,0.5824378109452736,0.7433431793617377,0.0307692307692307,6.107808721808579,1779031143953049300,2534
coldstart_stfpm_real_iad_zipper,C:\Users\Usuario\Desktop\Thesis\Pipeline\Real-time-visual-defect-detection\data\outputs\Experiment 3\coldstart_stfpm_real_iad_zipper,stfpm,zipper,NVIDIA L4,0.5491442786069651,0.7459204768259988,0.0351562499999999,5.921378562054293,1779031137959248800,2531
coldstart_subspacead_real_iad_audiojack,C:\Users\Usuario\Desktop\Thesis\Pipeline\Real-time-visual-defect-detection\data\outputs\Experiment 3\coldstart_subspacead_real_iad_audiojack,subspacead,audiojack,NVIDIA L4,0.8117377055752097,0.9157516475192576,0.5960264900662251,202.58003267324472,1779031149848286300,2597
coldstart_subspacead_real_iad_bottle_cap,C:\Users\Usuario\Desktop\Thesis\Pipeline\Real-time-visual-defect-detection\data\outputs\Experiment 3\coldstart_subspacead_real_iad_bottle_cap,subspacead,bottle_cap,NVIDIA L4,0.9040892041748204,0.9621223781922666,0.4926253687315634,206.0431160156322,1779031138243082400,2582
coldstart_subspacead_real_iad_button_battery,C:\Users\Usuario\Desktop\Thesis\Pipeline\Real-time-visual-defect-detection\data\outputs\Experiment 3\coldstart_subspacead_real_iad_button_battery,subspacead,button_battery,NVIDIA L4,0.8299563475705785,0.9370624085260618,0.6807980049875312,205.56797323424425,1779031146337846600,2604
coldstart_subspacead_real_iad_end_cap,C:\Users\Usuario\Desktop\Thesis\Pipeline\Real-time-visual-defect-detection\data\outputs\Experiment 3\coldstart_subspacead_real_iad_end_cap,subspacead,end_cap,NVIDIA L4,0.7903423499577344,0.9034368398392408,0.1395348837209302,206.1629417322285,1779031152168949300,2564
coldstart_subspacead_real_iad_eraser,C:\Users\Usuario\Desktop\Thesis\Pipeline\Real-time-visual-defect-detection\data\outputs\Experiment 3\coldstart_subspacead_real_iad_eraser,subspacead,eraser,NVIDIA L4,0.8499480166346769,0.945153408317348,0.530324400564175,204.169575987361,1779031141517001200,2574
coldstart_subspacead_real_iad_fire_hood,C:\Users\Usuario\Desktop\Thesis\Pipeline\Real-time-visual-defect-detection\data\outputs\Experiment 3\coldstart_subspacead_real_iad_fire_hood,subspacead,fire_hood,NVIDIA L4,0.820332859511964,0.917101705220056,0.4430769230769231,203.8026857106392,1779031149050603300,2596
coldstart_subspacead_real_iad_mint,C:\Users\Usuario\Desktop\Thesis\Pipeline\Real-time-visual-defect-detection\data\outputs\Experiment 3\coldstart_subspacead_real_iad_mint,subspacead,mint,NVIDIA L4,0.6869892386115382,0.9778418424350558,0.2049382716049382,203.53498376481625,1779031142429764800,2573
coldstart_subspacead_real_iad_mounts,C:\Users\Usuario\Desktop\Thesis\Pipeline\Real-time-visual-defect-detection\data\outputs\Experiment 3\coldstart_subspacead_real_iad_mounts,subspacead,mounts,NVIDIA L4,0.8982190797431384,0.9641626997924672,0.662303664921466,204.988986087306,1779031138090288600,2575
coldstart_subspacead_real_iad_pcb,C:\Users\Usuario\Desktop\Thesis\Pipeline\Real-time-visual-defect-detection\data\outputs\Experiment 3\coldstart_subspacead_real_iad_pcb,subspacead,pcb,NVIDIA L4,0.8822134226411638,0.9560413046829178,0.5903448275862069,205.69483207264489,1779031148591522000,2583
coldstart_subspacead_real_iad_phone_battery,C:\Users\Usuario\Desktop\Thesis\Pipeline\Real-time-visual-defect-detection\data\outputs\Experiment 3\coldstart_subspacead_real_iad_phone_battery,subspacead,phone_battery,NVIDIA L4,0.8366521863208295,0.9416460475555288,0.5888738127544098,204.8814765928753,1779031151864391800,2604
coldstart_subspacead_real_iad_plastic_nut,C:\Users\Usuario\Desktop\Thesis\Pipeline\Real-time-visual-defect-detection\data\outputs\Experiment 3\coldstart_subspacead_real_iad_plastic_nut,subspacead,plastic_nut,NVIDIA L4,0.767871287128713,0.8914534372207594,0.3762057877813504,205.0729654672413,1779031151472159400,2589
coldstart_subspacead_real_iad_plastic_plug,C:\Users\Usuario\Desktop\Thesis\Pipeline\Real-time-visual-defect-detection\data\outputs\Experiment 3\coldstart_subspacead_real_iad_plastic_plug,subspacead,plastic_plug,NVIDIA L4,0.8622988747502367,0.9506922736505428,0.6118598382749325,205.12566770245311,1779031143214336300,2604
coldstart_subspacead_real_iad_porcelain_doll,C:\Users\Usuario\Desktop\Thesis\Pipeline\Real-time-visual-defect-detection\data\outputs\Experiment 3\coldstart_subspacead_real_iad_porcelain_doll,subspacead,porcelain_doll,NVIDIA L4,0.7847396180148186,0.9195285383471749,0.4949348769898697,203.51388923289048,1779031144499637300,2607
coldstart_subspacead_real_iad_regulator,C:\Users\Usuario\Desktop\Thesis\Pipeline\Real-time-visual-defect-detection\data\outputs\Experiment 3\coldstart_subspacead_real_iad_regulator,subspacead,regulator,NVIDIA L4,0.7771392081736911,0.9030353558787684,0.0981818181818181,204.0823941958554,1779031152059459800,2594
coldstart_subspacead_real_iad_rolled_strip_base,C:\Users\Usuario\Desktop\Thesis\Pipeline\Real-time-visual-defect-detection\data\outputs\Experiment 3\coldstart_subspacead_real_iad_rolled_strip_base,subspacead,rolled_strip_base,NVIDIA L4,0.9819020195723374,0.991603906902803,0.8646864686468647,201.1259908267444,1779031144057092600,2611
coldstart_subspacead_real_iad_sim_card_set,C:\Users\Usuario\Desktop\Thesis\Pipeline\Real-time-visual-defect-detection\data\outputs\Experiment 3\coldstart_subspacead_real_iad_sim_card_set,subspacead,sim_card_set,NVIDIA L4,0.96309552215064,0.9860397992709188,0.8565072302558397,201.70235074647937,1779031144846901500,2600
coldstart_subspacead_real_iad_switch,C:\Users\Usuario\Desktop\Thesis\Pipeline\Real-time-visual-defect-detection\data\outputs\Experiment 3\coldstart_subspacead_real_iad_switch,subspacead,switch,NVIDIA L4,0.9055662805662806,0.9659519744694656,0.7263803680981594,203.23044541266512,1779031141939918100,2590
coldstart_subspacead_real_iad_tape,C:\Users\Usuario\Desktop\Thesis\Pipeline\Real-time-visual-defect-detection\data\outputs\Experiment 3\coldstart_subspacead_real_iad_tape,subspacead,tape,NVIDIA L4,0.7690384615384616,0.911324656077802,0.6147757255936676,202.3613285069661,1779031151217187300,2586
coldstart_subspacead_real_iad_terminalblock,C:\Users\Usuario\Desktop\Thesis\Pipeline\Real-time-visual-defect-detection\data\outputs\Experiment 3\coldstart_subspacead_real_iad_terminalblock,subspacead,terminalblock,NVIDIA L4,0.9101236183679104,0.9696705850239008,0.5431754874651811,204.8979095732289,1779031151540833000,2588
coldstart_subspacead_real_iad_toothbrush,C:\Users\Usuario\Desktop\Thesis\Pipeline\Real-time-visual-defect-detection\data\outputs\Experiment 3\coldstart_subspacead_real_iad_toothbrush,subspacead,toothbrush,NVIDIA L4,0.9546647652116402,0.9831585201493148,0.5557122708039492,207.4823769486084,1779031141237353700,2573
coldstart_subspacead_real_iad_toy,C:\Users\Usuario\Desktop\Thesis\Pipeline\Real-time-visual-defect-detection\data\outputs\Experiment 3\coldstart_subspacead_real_iad_toy,subspacead,toy,NVIDIA L4,0.8779470474904166,0.9517598957124112,0.4918032786885246,203.59663391775672,1779031139860833400,2569
coldstart_subspacead_real_iad_toy_brick,C:\Users\Usuario\Desktop\Thesis\Pipeline\Real-time-visual-defect-detection\data\outputs\Experiment 3\coldstart_subspacead_real_iad_toy_brick,subspacead,toy_brick,NVIDIA L4,0.7575976042590951,0.9011326891105824,0.3491027732463295,205.534024947306,1779031150715733400,2582
coldstart_subspacead_real_iad_transistor1,C:\Users\Usuario\Desktop\Thesis\Pipeline\Real-time-visual-defect-detection\data\outputs\Experiment 3\coldstart_subspacead_real_iad_transistor1,subspacead,transistor1,NVIDIA L4,0.9484615151729218,0.9797351086243088,0.3668831168831168,204.0372981028488,1779031138429715100,2586
coldstart_subspacead_real_iad_u_block,C:\Users\Usuario\Desktop\Thesis\Pipeline\Real-time-visual-defect-detection\data\outputs\Experiment 3\coldstart_subspacead_real_iad_u_block,subspacead,u_block,NVIDIA L4,0.5335797222585874,0.8020670240989973,0.2456140350877193,204.7710430128388,1779031140076391700,2592
coldstart_subspacead_real_iad_usb,C:\Users\Usuario\Desktop\Thesis\Pipeline\Real-time-visual-defect-detection\data\outputs\Experiment 3\coldstart_subspacead_real_iad_usb,subspacead,usb,NVIDIA L4,0.8415781853281853,0.9428386610338472,0.4697193500738552,206.02724983800968,1779031140897706600,2570
coldstart_subspacead_real_iad_usb_adaptor,C:\Users\Usuario\Desktop\Thesis\Pipeline\Real-time-visual-defect-detection\data\outputs\Experiment 3\coldstart_subspacead_real_iad_usb_adaptor,subspacead,usb_adaptor,NVIDIA L4,0.9618963580940156,0.9898263928399228,0.931372549019608,200.38790066426893,1779031143273723100,2599
coldstart_subspacead_real_iad_vcpill,C:\Users\Usuario\Desktop\Thesis\Pipeline\Real-time-visual-defect-detection\data\outputs\Experiment 3\coldstart_subspacead_real_iad_vcpill,subspacead,vcpill,NVIDIA L4,0.8610817580525223,0.9316840040670032,0.660668380462725,204.11608830065023,1779031150266277600,2588
coldstart_subspacead_real_iad_wooden_beads,C:\Users\Usuario\Desktop\Thesis\Pipeline\Real-time-visual-defect-detection\data\outputs\Experiment 3\coldstart_subspacead_real_iad_wooden_beads,subspacead,wooden_beads,NVIDIA L4,0.8632901452689439,0.9621810462805206,0.1227197346600331,201.89263883166623,1779031142140529100,2588
coldstart_subspacead_real_iad_woodstick,C:\Users\Usuario\Desktop\Thesis\Pipeline\Real-time-visual-defect-detection\data\outputs\Experiment 3\coldstart_subspacead_real_iad_woodstick,subspacead,woodstick,NVIDIA L4,0.7272437810945274,0.8698487444795977,0.4149765990639625,201.0078053224609,1779031140543380900,2584
coldstart_subspacead_real_iad_zipper,C:\Users\Usuario\Desktop\Thesis\Pipeline\Real-time-visual-defect-detection\data\outputs\Experiment 3\coldstart_subspacead_real_iad_zipper,subspacead,zipper,NVIDIA L4,0.9971542288557216,0.9988466483182504,0.907103825136612,202.0235258402712,1779031140160256600,2557
